class id,filepaths,labels,data set,scientific name
62.0,train/BARN OWL/024.jpg,BARN OWL,train,TYTO ALBA
62.0,train/BARN OWL/023.jpg,BARN OWL,train,TYTO ALBA
62.0,train/BARN OWL/071.jpg,BARN OWL,train,TYTO ALBA
62.0,train/BARN OWL/001.jpg,BARN OWL,train,TYTO ALBA
62.0,train/BARN OWL/002.jpg,BARN OWL,train,TYTO ALBA
62.0,train/BARN OWL/003.jpg,BARN OWL,train,TYTO ALBA
62.0,train/BARN OWL/036.jpg,BARN OWL,train,TYTO ALBA
62.0,train/BARN OWL/017.jpg,BARN OWL,train,TYTO ALBA
62.0,train/BARN OWL/010.jpg,BARN OWL,train,TYTO ALBA
62.0,train/BARN OWL/015.jpg,BARN OWL,train,TYTO ALBA
62.0,train/BARN OWL/016.jpg,BARN OWL,train,TYTO ALBA
62.0,train/BARN OWL/018.jpg,BARN OWL,train,TYTO ALBA
62.0,train/BARN OWL/030.jpg,BARN OWL,train,TYTO ALBA
62.0,train/BARN OWL/034.jpg,BARN OWL,train,TYTO ALBA
62.0,train/BARN OWL/069.jpg,BARN OWL,train,TYTO ALBA
62.0,train/BARN OWL/014.jpg,BARN OWL,train,TYTO ALBA
62.0,train/BARN OWL/013.jpg,BARN OWL,train,TYTO ALBA
62.0,train/BARN OWL/019.jpg,BARN OWL,train,TYTO ALBA
62.0,train/BARN OWL/049.jpg,BARN OWL,train,TYTO ALBA
62.0,train/BARN OWL/070.jpg,BARN OWL,train,TYTO ALBA
62.0,train/BARN OWL/022.jpg,BARN OWL,train,TYTO ALBA
62.0,train/BARN OWL/026.jpg,BARN OWL,train,TYTO ALBA
62.0,train/BARN OWL/027.jpg,BARN OWL,train,TYTO ALBA
62.0,train/BARN OWL/020.jpg,BARN OWL,train,TYTO ALBA
62.0,train/BARN OWL/009.jpg,BARN OWL,train,TYTO ALBA
62.0,train/BARN OWL/008.jpg,BARN OWL,train,TYTO ALBA
62.0,train/BARN OWL/012.jpg,BARN OWL,train,TYTO ALBA
62.0,train/BARN OWL/011.jpg,BARN OWL,train,TYTO ALBA
62.0,train/BARN OWL/029.jpg,BARN OWL,train,TYTO ALBA
62.0,train/BARN OWL/031.jpg,BARN OWL,train,TYTO ALBA
62.0,train/BARN OWL/037.jpg,BARN OWL,train,TYTO ALBA
62.0,train/BARN OWL/033.jpg,BARN OWL,train,TYTO ALBA
62.0,train/BARN OWL/038.jpg,BARN OWL,train,TYTO ALBA
62.0,train/BARN OWL/035.jpg,BARN OWL,train,TYTO ALBA
62.0,train/BARN OWL/028.jpg,BARN OWL,train,TYTO ALBA
62.0,train/BARN OWL/059.jpg,BARN OWL,train,TYTO ALBA
62.0,train/BARN OWL/032.jpg,BARN OWL,train,TYTO ALBA
62.0,train/BARN OWL/079.jpg,BARN OWL,train,TYTO ALBA
62.0,train/BARN OWL/052.jpg,BARN OWL,train,TYTO ALBA
62.0,train/BARN OWL/065.jpg,BARN OWL,train,TYTO ALBA
62.0,train/BARN OWL/043.jpg,BARN OWL,train,TYTO ALBA
62.0,train/BARN OWL/048.jpg,BARN OWL,train,TYTO ALBA
62.0,train/BARN OWL/045.jpg,BARN OWL,train,TYTO ALBA
62.0,train/BARN OWL/076.jpg,BARN OWL,train,TYTO ALBA
62.0,train/BARN OWL/047.jpg,BARN OWL,train,TYTO ALBA
62.0,train/BARN OWL/077.jpg,BARN OWL,train,TYTO ALBA
62.0,train/BARN OWL/074.jpg,BARN OWL,train,TYTO ALBA
62.0,train/BARN OWL/041.jpg,BARN OWL,train,TYTO ALBA
62.0,train/BARN OWL/078.jpg,BARN OWL,train,TYTO ALBA
62.0,train/BARN OWL/007.jpg,BARN OWL,train,TYTO ALBA
62.0,train/BARN OWL/053.jpg,BARN OWL,train,TYTO ALBA
62.0,train/BARN OWL/006.jpg,BARN OWL,train,TYTO ALBA
62.0,train/BARN OWL/055.jpg,BARN OWL,train,TYTO ALBA
62.0,train/BARN OWL/005.jpg,BARN OWL,train,TYTO ALBA
62.0,train/BARN OWL/058.jpg,BARN OWL,train,TYTO ALBA
62.0,train/BARN OWL/021.jpg,BARN OWL,train,TYTO ALBA
62.0,train/BARN OWL/051.jpg,BARN OWL,train,TYTO ALBA
62.0,train/BARN OWL/046.jpg,BARN OWL,train,TYTO ALBA
62.0,train/BARN OWL/057.jpg,BARN OWL,train,TYTO ALBA
62.0,train/BARN OWL/073.jpg,BARN OWL,train,TYTO ALBA
62.0,train/BARN OWL/066.jpg,BARN OWL,train,TYTO ALBA
62.0,train/BARN OWL/067.jpg,BARN OWL,train,TYTO ALBA
62.0,train/BARN OWL/060.jpg,BARN OWL,train,TYTO ALBA
62.0,train/BARN OWL/061.jpg,BARN OWL,train,TYTO ALBA
62.0,train/BARN OWL/062.jpg,BARN OWL,train,TYTO ALBA
62.0,train/BARN OWL/039.jpg,BARN OWL,train,TYTO ALBA
62.0,train/BARN OWL/064.jpg,BARN OWL,train,TYTO ALBA
62.0,train/BARN OWL/004.jpg,BARN OWL,train,TYTO ALBA
62.0,train/BARN OWL/063.jpg,BARN OWL,train,TYTO ALBA
62.0,train/BARN OWL/050.jpg,BARN OWL,train,TYTO ALBA
62.0,train/BARN OWL/040.jpg,BARN OWL,train,TYTO ALBA
62.0,train/BARN OWL/042.jpg,BARN OWL,train,TYTO ALBA
62.0,train/BARN OWL/044.jpg,BARN OWL,train,TYTO ALBA
62.0,train/BARN OWL/068.jpg,BARN OWL,train,TYTO ALBA
62.0,train/BARN OWL/072.jpg,BARN OWL,train,TYTO ALBA
62.0,train/BARN OWL/075.jpg,BARN OWL,train,TYTO ALBA
62.0,train/BARN OWL/056.jpg,BARN OWL,train,TYTO ALBA
62.0,train/BARN OWL/025.jpg,BARN OWL,train,TYTO ALBA
62.0,train/BARN OWL/054.jpg,BARN OWL,train,TYTO ALBA
62.0,train/BARN OWL/105.jpg,BARN OWL,train,TYTO ALBA
62.0,train/BARN OWL/083.jpg,BARN OWL,train,TYTO ALBA
62.0,train/BARN OWL/087.jpg,BARN OWL,train,TYTO ALBA
62.0,train/BARN OWL/088.jpg,BARN OWL,train,TYTO ALBA
62.0,train/BARN OWL/089.jpg,BARN OWL,train,TYTO ALBA
62.0,train/BARN OWL/082.jpg,BARN OWL,train,TYTO ALBA
62.0,train/BARN OWL/110.jpg,BARN OWL,train,TYTO ALBA
62.0,train/BARN OWL/113.jpg,BARN OWL,train,TYTO ALBA
62.0,train/BARN OWL/131.jpg,BARN OWL,train,TYTO ALBA
62.0,train/BARN OWL/112.jpg,BARN OWL,train,TYTO ALBA
62.0,train/BARN OWL/092.jpg,BARN OWL,train,TYTO ALBA
62.0,train/BARN OWL/099.jpg,BARN OWL,train,TYTO ALBA
62.0,train/BARN OWL/094.jpg,BARN OWL,train,TYTO ALBA
62.0,train/BARN OWL/119.jpg,BARN OWL,train,TYTO ALBA
62.0,train/BARN OWL/096.jpg,BARN OWL,train,TYTO ALBA
62.0,train/BARN OWL/090.jpg,BARN OWL,train,TYTO ALBA
62.0,train/BARN OWL/140.jpg,BARN OWL,train,TYTO ALBA
62.0,train/BARN OWL/098.jpg,BARN OWL,train,TYTO ALBA
62.0,train/BARN OWL/093.jpg,BARN OWL,train,TYTO ALBA
62.0,train/BARN OWL/158.jpg,BARN OWL,train,TYTO ALBA
62.0,train/BARN OWL/114.jpg,BARN OWL,train,TYTO ALBA
62.0,train/BARN OWL/139.jpg,BARN OWL,train,TYTO ALBA
62.0,train/BARN OWL/085.jpg,BARN OWL,train,TYTO ALBA
62.0,train/BARN OWL/084.jpg,BARN OWL,train,TYTO ALBA
62.0,train/BARN OWL/080.jpg,BARN OWL,train,TYTO ALBA
62.0,train/BARN OWL/102.jpg,BARN OWL,train,TYTO ALBA
62.0,train/BARN OWL/103.jpg,BARN OWL,train,TYTO ALBA
62.0,train/BARN OWL/104.jpg,BARN OWL,train,TYTO ALBA
62.0,train/BARN OWL/100.jpg,BARN OWL,train,TYTO ALBA
62.0,train/BARN OWL/117.jpg,BARN OWL,train,TYTO ALBA
62.0,train/BARN OWL/101.jpg,BARN OWL,train,TYTO ALBA
62.0,train/BARN OWL/116.jpg,BARN OWL,train,TYTO ALBA
62.0,train/BARN OWL/109.jpg,BARN OWL,train,TYTO ALBA
62.0,train/BARN OWL/091.jpg,BARN OWL,train,TYTO ALBA
62.0,train/BARN OWL/095.jpg,BARN OWL,train,TYTO ALBA
62.0,train/BARN OWL/086.jpg,BARN OWL,train,TYTO ALBA
62.0,train/BARN OWL/115.jpg,BARN OWL,train,TYTO ALBA
62.0,train/BARN OWL/111.jpg,BARN OWL,train,TYTO ALBA
62.0,train/BARN OWL/108.jpg,BARN OWL,train,TYTO ALBA
62.0,train/BARN OWL/097.jpg,BARN OWL,train,TYTO ALBA
62.0,train/BARN OWL/126.jpg,BARN OWL,train,TYTO ALBA
62.0,train/BARN OWL/128.jpg,BARN OWL,train,TYTO ALBA
62.0,train/BARN OWL/129.jpg,BARN OWL,train,TYTO ALBA
62.0,train/BARN OWL/122.jpg,BARN OWL,train,TYTO ALBA
62.0,train/BARN OWL/123.jpg,BARN OWL,train,TYTO ALBA
62.0,train/BARN OWL/124.jpg,BARN OWL,train,TYTO ALBA
62.0,train/BARN OWL/125.jpg,BARN OWL,train,TYTO ALBA
62.0,train/BARN OWL/142.jpg,BARN OWL,train,TYTO ALBA
62.0,train/BARN OWL/127.jpg,BARN OWL,train,TYTO ALBA
62.0,train/BARN OWL/130.jpg,BARN OWL,train,TYTO ALBA
62.0,train/BARN OWL/121.jpg,BARN OWL,train,TYTO ALBA
62.0,train/BARN OWL/156.jpg,BARN OWL,train,TYTO ALBA
62.0,train/BARN OWL/146.jpg,BARN OWL,train,TYTO ALBA
62.0,train/BARN OWL/132.jpg,BARN OWL,train,TYTO ALBA
62.0,train/BARN OWL/134.jpg,BARN OWL,train,TYTO ALBA
62.0,train/BARN OWL/136.jpg,BARN OWL,train,TYTO ALBA
62.0,train/BARN OWL/154.jpg,BARN OWL,train,TYTO ALBA
62.0,train/BARN OWL/152.jpg,BARN OWL,train,TYTO ALBA
62.0,train/BARN OWL/133.jpg,BARN OWL,train,TYTO ALBA
62.0,train/BARN OWL/144.jpg,BARN OWL,train,TYTO ALBA
62.0,train/BARN OWL/148.jpg,BARN OWL,train,TYTO ALBA
62.0,train/BARN OWL/138.jpg,BARN OWL,train,TYTO ALBA
62.0,train/BARN OWL/150.jpg,BARN OWL,train,TYTO ALBA
62.0,train/BARN OWL/147.jpg,BARN OWL,train,TYTO ALBA
62.0,train/BARN OWL/151.jpg,BARN OWL,train,TYTO ALBA
62.0,train/BARN OWL/149.jpg,BARN OWL,train,TYTO ALBA
62.0,train/BARN OWL/137.jpg,BARN OWL,train,TYTO ALBA
62.0,train/BARN OWL/141.jpg,BARN OWL,train,TYTO ALBA
62.0,train/BARN OWL/145.jpg,BARN OWL,train,TYTO ALBA
62.0,train/BARN OWL/135.jpg,BARN OWL,train,TYTO ALBA
62.0,train/BARN OWL/120.jpg,BARN OWL,train,TYTO ALBA
62.0,train/BARN OWL/155.jpg,BARN OWL,train,TYTO ALBA
62.0,train/BARN OWL/107.jpg,BARN OWL,train,TYTO ALBA
62.0,train/BARN OWL/157.jpg,BARN OWL,train,TYTO ALBA
62.0,train/BARN OWL/106.jpg,BARN OWL,train,TYTO ALBA
62.0,train/BARN OWL/143.jpg,BARN OWL,train,TYTO ALBA
62.0,train/BARN OWL/118.jpg,BARN OWL,train,TYTO ALBA
62.0,train/BARN OWL/081.jpg,BARN OWL,train,TYTO ALBA
62.0,train/BARN OWL/153.jpg,BARN OWL,train,TYTO ALBA
249.0,train/GREAT GRAY OWL/035.jpg,GREAT GRAY OWL,train,STRIX NEBULOSA
249.0,train/GREAT GRAY OWL/070.jpg,GREAT GRAY OWL,train,STRIX NEBULOSA
249.0,train/GREAT GRAY OWL/014.jpg,GREAT GRAY OWL,train,STRIX NEBULOSA
249.0,train/GREAT GRAY OWL/005.jpg,GREAT GRAY OWL,train,STRIX NEBULOSA
249.0,train/GREAT GRAY OWL/001.jpg,GREAT GRAY OWL,train,STRIX NEBULOSA
249.0,train/GREAT GRAY OWL/002.jpg,GREAT GRAY OWL,train,STRIX NEBULOSA
249.0,train/GREAT GRAY OWL/053.jpg,GREAT GRAY OWL,train,STRIX NEBULOSA
249.0,train/GREAT GRAY OWL/003.jpg,GREAT GRAY OWL,train,STRIX NEBULOSA
249.0,train/GREAT GRAY OWL/004.jpg,GREAT GRAY OWL,train,STRIX NEBULOSA
249.0,train/GREAT GRAY OWL/011.jpg,GREAT GRAY OWL,train,STRIX NEBULOSA
249.0,train/GREAT GRAY OWL/010.jpg,GREAT GRAY OWL,train,STRIX NEBULOSA
249.0,train/GREAT GRAY OWL/007.jpg,GREAT GRAY OWL,train,STRIX NEBULOSA
249.0,train/GREAT GRAY OWL/015.jpg,GREAT GRAY OWL,train,STRIX NEBULOSA
249.0,train/GREAT GRAY OWL/012.jpg,GREAT GRAY OWL,train,STRIX NEBULOSA
249.0,train/GREAT GRAY OWL/009.jpg,GREAT GRAY OWL,train,STRIX NEBULOSA
249.0,train/GREAT GRAY OWL/027.jpg,GREAT GRAY OWL,train,STRIX NEBULOSA
249.0,train/GREAT GRAY OWL/030.jpg,GREAT GRAY OWL,train,STRIX NEBULOSA
249.0,train/GREAT GRAY OWL/025.jpg,GREAT GRAY OWL,train,STRIX NEBULOSA
249.0,train/GREAT GRAY OWL/008.jpg,GREAT GRAY OWL,train,STRIX NEBULOSA
249.0,train/GREAT GRAY OWL/056.jpg,GREAT GRAY OWL,train,STRIX NEBULOSA
249.0,train/GREAT GRAY OWL/013.jpg,GREAT GRAY OWL,train,STRIX NEBULOSA
249.0,train/GREAT GRAY OWL/018.jpg,GREAT GRAY OWL,train,STRIX NEBULOSA
249.0,train/GREAT GRAY OWL/022.jpg,GREAT GRAY OWL,train,STRIX NEBULOSA
249.0,train/GREAT GRAY OWL/023.jpg,GREAT GRAY OWL,train,STRIX NEBULOSA
249.0,train/GREAT GRAY OWL/034.jpg,GREAT GRAY OWL,train,STRIX NEBULOSA
249.0,train/GREAT GRAY OWL/024.jpg,GREAT GRAY OWL,train,STRIX NEBULOSA
249.0,train/GREAT GRAY OWL/031.jpg,GREAT GRAY OWL,train,STRIX NEBULOSA
249.0,train/GREAT GRAY OWL/032.jpg,GREAT GRAY OWL,train,STRIX NEBULOSA
249.0,train/GREAT GRAY OWL/033.jpg,GREAT GRAY OWL,train,STRIX NEBULOSA
249.0,train/GREAT GRAY OWL/026.jpg,GREAT GRAY OWL,train,STRIX NEBULOSA
249.0,train/GREAT GRAY OWL/028.jpg,GREAT GRAY OWL,train,STRIX NEBULOSA
249.0,train/GREAT GRAY OWL/029.jpg,GREAT GRAY OWL,train,STRIX NEBULOSA
249.0,train/GREAT GRAY OWL/016.jpg,GREAT GRAY OWL,train,STRIX NEBULOSA
249.0,train/GREAT GRAY OWL/040.jpg,GREAT GRAY OWL,train,STRIX NEBULOSA
249.0,train/GREAT GRAY OWL/052.jpg,GREAT GRAY OWL,train,STRIX NEBULOSA
249.0,train/GREAT GRAY OWL/039.jpg,GREAT GRAY OWL,train,STRIX NEBULOSA
249.0,train/GREAT GRAY OWL/042.jpg,GREAT GRAY OWL,train,STRIX NEBULOSA
249.0,train/GREAT GRAY OWL/046.jpg,GREAT GRAY OWL,train,STRIX NEBULOSA
249.0,train/GREAT GRAY OWL/071.jpg,GREAT GRAY OWL,train,STRIX NEBULOSA
249.0,train/GREAT GRAY OWL/054.jpg,GREAT GRAY OWL,train,STRIX NEBULOSA
249.0,train/GREAT GRAY OWL/006.jpg,GREAT GRAY OWL,train,STRIX NEBULOSA
249.0,train/GREAT GRAY OWL/062.jpg,GREAT GRAY OWL,train,STRIX NEBULOSA
249.0,train/GREAT GRAY OWL/050.jpg,GREAT GRAY OWL,train,STRIX NEBULOSA
249.0,train/GREAT GRAY OWL/051.jpg,GREAT GRAY OWL,train,STRIX NEBULOSA
249.0,train/GREAT GRAY OWL/021.jpg,GREAT GRAY OWL,train,STRIX NEBULOSA
249.0,train/GREAT GRAY OWL/072.jpg,GREAT GRAY OWL,train,STRIX NEBULOSA
249.0,train/GREAT GRAY OWL/017.jpg,GREAT GRAY OWL,train,STRIX NEBULOSA
249.0,train/GREAT GRAY OWL/019.jpg,GREAT GRAY OWL,train,STRIX NEBULOSA
249.0,train/GREAT GRAY OWL/064.jpg,GREAT GRAY OWL,train,STRIX NEBULOSA
249.0,train/GREAT GRAY OWL/041.jpg,GREAT GRAY OWL,train,STRIX NEBULOSA
249.0,train/GREAT GRAY OWL/043.jpg,GREAT GRAY OWL,train,STRIX NEBULOSA
249.0,train/GREAT GRAY OWL/047.jpg,GREAT GRAY OWL,train,STRIX NEBULOSA
249.0,train/GREAT GRAY OWL/020.jpg,GREAT GRAY OWL,train,STRIX NEBULOSA
249.0,train/GREAT GRAY OWL/045.jpg,GREAT GRAY OWL,train,STRIX NEBULOSA
249.0,train/GREAT GRAY OWL/049.jpg,GREAT GRAY OWL,train,STRIX NEBULOSA
249.0,train/GREAT GRAY OWL/058.jpg,GREAT GRAY OWL,train,STRIX NEBULOSA
249.0,train/GREAT GRAY OWL/059.jpg,GREAT GRAY OWL,train,STRIX NEBULOSA
249.0,train/GREAT GRAY OWL/060.jpg,GREAT GRAY OWL,train,STRIX NEBULOSA
249.0,train/GREAT GRAY OWL/061.jpg,GREAT GRAY OWL,train,STRIX NEBULOSA
249.0,train/GREAT GRAY OWL/055.jpg,GREAT GRAY OWL,train,STRIX NEBULOSA
249.0,train/GREAT GRAY OWL/057.jpg,GREAT GRAY OWL,train,STRIX NEBULOSA
249.0,train/GREAT GRAY OWL/063.jpg,GREAT GRAY OWL,train,STRIX NEBULOSA
249.0,train/GREAT GRAY OWL/069.jpg,GREAT GRAY OWL,train,STRIX NEBULOSA
249.0,train/GREAT GRAY OWL/065.jpg,GREAT GRAY OWL,train,STRIX NEBULOSA
249.0,train/GREAT GRAY OWL/067.jpg,GREAT GRAY OWL,train,STRIX NEBULOSA
249.0,train/GREAT GRAY OWL/068.jpg,GREAT GRAY OWL,train,STRIX NEBULOSA
249.0,train/GREAT GRAY OWL/038.jpg,GREAT GRAY OWL,train,STRIX NEBULOSA
249.0,train/GREAT GRAY OWL/048.jpg,GREAT GRAY OWL,train,STRIX NEBULOSA
249.0,train/GREAT GRAY OWL/036.jpg,GREAT GRAY OWL,train,STRIX NEBULOSA
249.0,train/GREAT GRAY OWL/037.jpg,GREAT GRAY OWL,train,STRIX NEBULOSA
249.0,train/GREAT GRAY OWL/066.jpg,GREAT GRAY OWL,train,STRIX NEBULOSA
249.0,train/GREAT GRAY OWL/044.jpg,GREAT GRAY OWL,train,STRIX NEBULOSA
249.0,train/GREAT GRAY OWL/128.jpg,GREAT GRAY OWL,train,STRIX NEBULOSA
249.0,train/GREAT GRAY OWL/117.jpg,GREAT GRAY OWL,train,STRIX NEBULOSA
249.0,train/GREAT GRAY OWL/107.jpg,GREAT GRAY OWL,train,STRIX NEBULOSA
249.0,train/GREAT GRAY OWL/102.jpg,GREAT GRAY OWL,train,STRIX NEBULOSA
249.0,train/GREAT GRAY OWL/082.jpg,GREAT GRAY OWL,train,STRIX NEBULOSA
249.0,train/GREAT GRAY OWL/075.jpg,GREAT GRAY OWL,train,STRIX NEBULOSA
249.0,train/GREAT GRAY OWL/076.jpg,GREAT GRAY OWL,train,STRIX NEBULOSA
249.0,train/GREAT GRAY OWL/077.jpg,GREAT GRAY OWL,train,STRIX NEBULOSA
249.0,train/GREAT GRAY OWL/108.jpg,GREAT GRAY OWL,train,STRIX NEBULOSA
249.0,train/GREAT GRAY OWL/084.jpg,GREAT GRAY OWL,train,STRIX NEBULOSA
249.0,train/GREAT GRAY OWL/085.jpg,GREAT GRAY OWL,train,STRIX NEBULOSA
249.0,train/GREAT GRAY OWL/086.jpg,GREAT GRAY OWL,train,STRIX NEBULOSA
249.0,train/GREAT GRAY OWL/087.jpg,GREAT GRAY OWL,train,STRIX NEBULOSA
249.0,train/GREAT GRAY OWL/088.jpg,GREAT GRAY OWL,train,STRIX NEBULOSA
249.0,train/GREAT GRAY OWL/081.jpg,GREAT GRAY OWL,train,STRIX NEBULOSA
249.0,train/GREAT GRAY OWL/083.jpg,GREAT GRAY OWL,train,STRIX NEBULOSA
249.0,train/GREAT GRAY OWL/078.jpg,GREAT GRAY OWL,train,STRIX NEBULOSA
249.0,train/GREAT GRAY OWL/079.jpg,GREAT GRAY OWL,train,STRIX NEBULOSA
249.0,train/GREAT GRAY OWL/089.jpg,GREAT GRAY OWL,train,STRIX NEBULOSA
249.0,train/GREAT GRAY OWL/122.jpg,GREAT GRAY OWL,train,STRIX NEBULOSA
249.0,train/GREAT GRAY OWL/120.jpg,GREAT GRAY OWL,train,STRIX NEBULOSA
249.0,train/GREAT GRAY OWL/126.jpg,GREAT GRAY OWL,train,STRIX NEBULOSA
249.0,train/GREAT GRAY OWL/094.jpg,GREAT GRAY OWL,train,STRIX NEBULOSA
249.0,train/GREAT GRAY OWL/100.jpg,GREAT GRAY OWL,train,STRIX NEBULOSA
249.0,train/GREAT GRAY OWL/095.jpg,GREAT GRAY OWL,train,STRIX NEBULOSA
249.0,train/GREAT GRAY OWL/096.jpg,GREAT GRAY OWL,train,STRIX NEBULOSA
249.0,train/GREAT GRAY OWL/103.jpg,GREAT GRAY OWL,train,STRIX NEBULOSA
249.0,train/GREAT GRAY OWL/097.jpg,GREAT GRAY OWL,train,STRIX NEBULOSA
249.0,train/GREAT GRAY OWL/098.jpg,GREAT GRAY OWL,train,STRIX NEBULOSA
249.0,train/GREAT GRAY OWL/105.jpg,GREAT GRAY OWL,train,STRIX NEBULOSA
249.0,train/GREAT GRAY OWL/101.jpg,GREAT GRAY OWL,train,STRIX NEBULOSA
249.0,train/GREAT GRAY OWL/106.jpg,GREAT GRAY OWL,train,STRIX NEBULOSA
249.0,train/GREAT GRAY OWL/093.jpg,GREAT GRAY OWL,train,STRIX NEBULOSA
249.0,train/GREAT GRAY OWL/073.jpg,GREAT GRAY OWL,train,STRIX NEBULOSA
249.0,train/GREAT GRAY OWL/119.jpg,GREAT GRAY OWL,train,STRIX NEBULOSA
249.0,train/GREAT GRAY OWL/099.jpg,GREAT GRAY OWL,train,STRIX NEBULOSA
249.0,train/GREAT GRAY OWL/091.jpg,GREAT GRAY OWL,train,STRIX NEBULOSA
249.0,train/GREAT GRAY OWL/129.jpg,GREAT GRAY OWL,train,STRIX NEBULOSA
249.0,train/GREAT GRAY OWL/113.jpg,GREAT GRAY OWL,train,STRIX NEBULOSA
249.0,train/GREAT GRAY OWL/114.jpg,GREAT GRAY OWL,train,STRIX NEBULOSA
249.0,train/GREAT GRAY OWL/115.jpg,GREAT GRAY OWL,train,STRIX NEBULOSA
249.0,train/GREAT GRAY OWL/116.jpg,GREAT GRAY OWL,train,STRIX NEBULOSA
249.0,train/GREAT GRAY OWL/118.jpg,GREAT GRAY OWL,train,STRIX NEBULOSA
249.0,train/GREAT GRAY OWL/125.jpg,GREAT GRAY OWL,train,STRIX NEBULOSA
249.0,train/GREAT GRAY OWL/127.jpg,GREAT GRAY OWL,train,STRIX NEBULOSA
249.0,train/GREAT GRAY OWL/074.jpg,GREAT GRAY OWL,train,STRIX NEBULOSA
249.0,train/GREAT GRAY OWL/111.jpg,GREAT GRAY OWL,train,STRIX NEBULOSA
249.0,train/GREAT GRAY OWL/130.jpg,GREAT GRAY OWL,train,STRIX NEBULOSA
249.0,train/GREAT GRAY OWL/092.jpg,GREAT GRAY OWL,train,STRIX NEBULOSA
249.0,train/GREAT GRAY OWL/124.jpg,GREAT GRAY OWL,train,STRIX NEBULOSA
249.0,train/GREAT GRAY OWL/141.jpg,GREAT GRAY OWL,train,STRIX NEBULOSA
249.0,train/GREAT GRAY OWL/123.jpg,GREAT GRAY OWL,train,STRIX NEBULOSA
249.0,train/GREAT GRAY OWL/109.jpg,GREAT GRAY OWL,train,STRIX NEBULOSA
249.0,train/GREAT GRAY OWL/135.jpg,GREAT GRAY OWL,train,STRIX NEBULOSA
249.0,train/GREAT GRAY OWL/136.jpg,GREAT GRAY OWL,train,STRIX NEBULOSA
249.0,train/GREAT GRAY OWL/143.jpg,GREAT GRAY OWL,train,STRIX NEBULOSA
249.0,train/GREAT GRAY OWL/134.jpg,GREAT GRAY OWL,train,STRIX NEBULOSA
249.0,train/GREAT GRAY OWL/133.jpg,GREAT GRAY OWL,train,STRIX NEBULOSA
249.0,train/GREAT GRAY OWL/121.jpg,GREAT GRAY OWL,train,STRIX NEBULOSA
249.0,train/GREAT GRAY OWL/140.jpg,GREAT GRAY OWL,train,STRIX NEBULOSA
249.0,train/GREAT GRAY OWL/131.jpg,GREAT GRAY OWL,train,STRIX NEBULOSA
249.0,train/GREAT GRAY OWL/110.jpg,GREAT GRAY OWL,train,STRIX NEBULOSA
249.0,train/GREAT GRAY OWL/104.jpg,GREAT GRAY OWL,train,STRIX NEBULOSA
249.0,train/GREAT GRAY OWL/142.jpg,GREAT GRAY OWL,train,STRIX NEBULOSA
249.0,train/GREAT GRAY OWL/132.jpg,GREAT GRAY OWL,train,STRIX NEBULOSA
249.0,train/GREAT GRAY OWL/144.jpg,GREAT GRAY OWL,train,STRIX NEBULOSA
249.0,train/GREAT GRAY OWL/080.jpg,GREAT GRAY OWL,train,STRIX NEBULOSA
249.0,train/GREAT GRAY OWL/139.jpg,GREAT GRAY OWL,train,STRIX NEBULOSA
249.0,train/GREAT GRAY OWL/137.jpg,GREAT GRAY OWL,train,STRIX NEBULOSA
249.0,train/GREAT GRAY OWL/090.jpg,GREAT GRAY OWL,train,STRIX NEBULOSA
249.0,train/GREAT GRAY OWL/138.jpg,GREAT GRAY OWL,train,STRIX NEBULOSA
249.0,train/GREAT GRAY OWL/112.jpg,GREAT GRAY OWL,train,STRIX NEBULOSA
325.0,train/LONG-EARED OWL/063.jpg,LONG-EARED OWL,train,ASIO OTUS
325.0,train/LONG-EARED OWL/011.jpg,LONG-EARED OWL,train,ASIO OTUS
325.0,train/LONG-EARED OWL/004.jpg,LONG-EARED OWL,train,ASIO OTUS
325.0,train/LONG-EARED OWL/035.jpg,LONG-EARED OWL,train,ASIO OTUS
325.0,train/LONG-EARED OWL/072.jpg,LONG-EARED OWL,train,ASIO OTUS
325.0,train/LONG-EARED OWL/002.jpg,LONG-EARED OWL,train,ASIO OTUS
325.0,train/LONG-EARED OWL/003.jpg,LONG-EARED OWL,train,ASIO OTUS
325.0,train/LONG-EARED OWL/014.jpg,LONG-EARED OWL,train,ASIO OTUS
325.0,train/LONG-EARED OWL/008.jpg,LONG-EARED OWL,train,ASIO OTUS
325.0,train/LONG-EARED OWL/012.jpg,LONG-EARED OWL,train,ASIO OTUS
325.0,train/LONG-EARED OWL/010.jpg,LONG-EARED OWL,train,ASIO OTUS
325.0,train/LONG-EARED OWL/007.jpg,LONG-EARED OWL,train,ASIO OTUS
325.0,train/LONG-EARED OWL/015.jpg,LONG-EARED OWL,train,ASIO OTUS
325.0,train/LONG-EARED OWL/016.jpg,LONG-EARED OWL,train,ASIO OTUS
325.0,train/LONG-EARED OWL/019.jpg,LONG-EARED OWL,train,ASIO OTUS
325.0,train/LONG-EARED OWL/073.jpg,LONG-EARED OWL,train,ASIO OTUS
325.0,train/LONG-EARED OWL/013.jpg,LONG-EARED OWL,train,ASIO OTUS
325.0,train/LONG-EARED OWL/031.jpg,LONG-EARED OWL,train,ASIO OTUS
325.0,train/LONG-EARED OWL/033.jpg,LONG-EARED OWL,train,ASIO OTUS
325.0,train/LONG-EARED OWL/009.jpg,LONG-EARED OWL,train,ASIO OTUS
325.0,train/LONG-EARED OWL/027.jpg,LONG-EARED OWL,train,ASIO OTUS
325.0,train/LONG-EARED OWL/038.jpg,LONG-EARED OWL,train,ASIO OTUS
325.0,train/LONG-EARED OWL/018.jpg,LONG-EARED OWL,train,ASIO OTUS
325.0,train/LONG-EARED OWL/022.jpg,LONG-EARED OWL,train,ASIO OTUS
325.0,train/LONG-EARED OWL/023.jpg,LONG-EARED OWL,train,ASIO OTUS
325.0,train/LONG-EARED OWL/024.jpg,LONG-EARED OWL,train,ASIO OTUS
325.0,train/LONG-EARED OWL/025.jpg,LONG-EARED OWL,train,ASIO OTUS
325.0,train/LONG-EARED OWL/030.jpg,LONG-EARED OWL,train,ASIO OTUS
325.0,train/LONG-EARED OWL/037.jpg,LONG-EARED OWL,train,ASIO OTUS
325.0,train/LONG-EARED OWL/021.jpg,LONG-EARED OWL,train,ASIO OTUS
325.0,train/LONG-EARED OWL/034.jpg,LONG-EARED OWL,train,ASIO OTUS
325.0,train/LONG-EARED OWL/036.jpg,LONG-EARED OWL,train,ASIO OTUS
325.0,train/LONG-EARED OWL/049.jpg,LONG-EARED OWL,train,ASIO OTUS
325.0,train/LONG-EARED OWL/028.jpg,LONG-EARED OWL,train,ASIO OTUS
325.0,train/LONG-EARED OWL/029.jpg,LONG-EARED OWL,train,ASIO OTUS
325.0,train/LONG-EARED OWL/020.jpg,LONG-EARED OWL,train,ASIO OTUS
325.0,train/LONG-EARED OWL/026.jpg,LONG-EARED OWL,train,ASIO OTUS
325.0,train/LONG-EARED OWL/032.jpg,LONG-EARED OWL,train,ASIO OTUS
325.0,train/LONG-EARED OWL/044.jpg,LONG-EARED OWL,train,ASIO OTUS
325.0,train/LONG-EARED OWL/070.jpg,LONG-EARED OWL,train,ASIO OTUS
325.0,train/LONG-EARED OWL/045.jpg,LONG-EARED OWL,train,ASIO OTUS
325.0,train/LONG-EARED OWL/046.jpg,LONG-EARED OWL,train,ASIO OTUS
325.0,train/LONG-EARED OWL/048.jpg,LONG-EARED OWL,train,ASIO OTUS
325.0,train/LONG-EARED OWL/043.jpg,LONG-EARED OWL,train,ASIO OTUS
325.0,train/LONG-EARED OWL/054.jpg,LONG-EARED OWL,train,ASIO OTUS
325.0,train/LONG-EARED OWL/042.jpg,LONG-EARED OWL,train,ASIO OTUS
325.0,train/LONG-EARED OWL/059.jpg,LONG-EARED OWL,train,ASIO OTUS
325.0,train/LONG-EARED OWL/055.jpg,LONG-EARED OWL,train,ASIO OTUS
325.0,train/LONG-EARED OWL/047.jpg,LONG-EARED OWL,train,ASIO OTUS
325.0,train/LONG-EARED OWL/050.jpg,LONG-EARED OWL,train,ASIO OTUS
325.0,train/LONG-EARED OWL/001.jpg,LONG-EARED OWL,train,ASIO OTUS
325.0,train/LONG-EARED OWL/053.jpg,LONG-EARED OWL,train,ASIO OTUS
325.0,train/LONG-EARED OWL/017.jpg,LONG-EARED OWL,train,ASIO OTUS
325.0,train/LONG-EARED OWL/052.jpg,LONG-EARED OWL,train,ASIO OTUS
325.0,train/LONG-EARED OWL/056.jpg,LONG-EARED OWL,train,ASIO OTUS
325.0,train/LONG-EARED OWL/068.jpg,LONG-EARED OWL,train,ASIO OTUS
325.0,train/LONG-EARED OWL/005.jpg,LONG-EARED OWL,train,ASIO OTUS
325.0,train/LONG-EARED OWL/057.jpg,LONG-EARED OWL,train,ASIO OTUS
325.0,train/LONG-EARED OWL/079.jpg,LONG-EARED OWL,train,ASIO OTUS
325.0,train/LONG-EARED OWL/061.jpg,LONG-EARED OWL,train,ASIO OTUS
325.0,train/LONG-EARED OWL/069.jpg,LONG-EARED OWL,train,ASIO OTUS
325.0,train/LONG-EARED OWL/071.jpg,LONG-EARED OWL,train,ASIO OTUS
325.0,train/LONG-EARED OWL/064.jpg,LONG-EARED OWL,train,ASIO OTUS
325.0,train/LONG-EARED OWL/065.jpg,LONG-EARED OWL,train,ASIO OTUS
325.0,train/LONG-EARED OWL/066.jpg,LONG-EARED OWL,train,ASIO OTUS
325.0,train/LONG-EARED OWL/067.jpg,LONG-EARED OWL,train,ASIO OTUS
325.0,train/LONG-EARED OWL/058.jpg,LONG-EARED OWL,train,ASIO OTUS
325.0,train/LONG-EARED OWL/060.jpg,LONG-EARED OWL,train,ASIO OTUS
325.0,train/LONG-EARED OWL/051.jpg,LONG-EARED OWL,train,ASIO OTUS
325.0,train/LONG-EARED OWL/078.jpg,LONG-EARED OWL,train,ASIO OTUS
325.0,train/LONG-EARED OWL/074.jpg,LONG-EARED OWL,train,ASIO OTUS
325.0,train/LONG-EARED OWL/076.jpg,LONG-EARED OWL,train,ASIO OTUS
325.0,train/LONG-EARED OWL/077.jpg,LONG-EARED OWL,train,ASIO OTUS
325.0,train/LONG-EARED OWL/039.jpg,LONG-EARED OWL,train,ASIO OTUS
325.0,train/LONG-EARED OWL/041.jpg,LONG-EARED OWL,train,ASIO OTUS
325.0,train/LONG-EARED OWL/040.jpg,LONG-EARED OWL,train,ASIO OTUS
325.0,train/LONG-EARED OWL/006.jpg,LONG-EARED OWL,train,ASIO OTUS
325.0,train/LONG-EARED OWL/062.jpg,LONG-EARED OWL,train,ASIO OTUS
325.0,train/LONG-EARED OWL/080.jpg,LONG-EARED OWL,train,ASIO OTUS
325.0,train/LONG-EARED OWL/075.jpg,LONG-EARED OWL,train,ASIO OTUS
325.0,train/LONG-EARED OWL/106.jpg,LONG-EARED OWL,train,ASIO OTUS
325.0,train/LONG-EARED OWL/135.jpg,LONG-EARED OWL,train,ASIO OTUS
325.0,train/LONG-EARED OWL/110.jpg,LONG-EARED OWL,train,ASIO OTUS
325.0,train/LONG-EARED OWL/120.jpg,LONG-EARED OWL,train,ASIO OTUS
325.0,train/LONG-EARED OWL/119.jpg,LONG-EARED OWL,train,ASIO OTUS
325.0,train/LONG-EARED OWL/084.jpg,LONG-EARED OWL,train,ASIO OTUS
325.0,train/LONG-EARED OWL/085.jpg,LONG-EARED OWL,train,ASIO OTUS
325.0,train/LONG-EARED OWL/086.jpg,LONG-EARED OWL,train,ASIO OTUS
325.0,train/LONG-EARED OWL/087.jpg,LONG-EARED OWL,train,ASIO OTUS
325.0,train/LONG-EARED OWL/091.jpg,LONG-EARED OWL,train,ASIO OTUS
325.0,train/LONG-EARED OWL/092.jpg,LONG-EARED OWL,train,ASIO OTUS
325.0,train/LONG-EARED OWL/095.jpg,LONG-EARED OWL,train,ASIO OTUS
325.0,train/LONG-EARED OWL/096.jpg,LONG-EARED OWL,train,ASIO OTUS
325.0,train/LONG-EARED OWL/097.jpg,LONG-EARED OWL,train,ASIO OTUS
325.0,train/LONG-EARED OWL/098.jpg,LONG-EARED OWL,train,ASIO OTUS
325.0,train/LONG-EARED OWL/089.jpg,LONG-EARED OWL,train,ASIO OTUS
325.0,train/LONG-EARED OWL/083.jpg,LONG-EARED OWL,train,ASIO OTUS
325.0,train/LONG-EARED OWL/088.jpg,LONG-EARED OWL,train,ASIO OTUS
325.0,train/LONG-EARED OWL/093.jpg,LONG-EARED OWL,train,ASIO OTUS
325.0,train/LONG-EARED OWL/099.jpg,LONG-EARED OWL,train,ASIO OTUS
325.0,train/LONG-EARED OWL/100.jpg,LONG-EARED OWL,train,ASIO OTUS
325.0,train/LONG-EARED OWL/101.jpg,LONG-EARED OWL,train,ASIO OTUS
325.0,train/LONG-EARED OWL/136.jpg,LONG-EARED OWL,train,ASIO OTUS
325.0,train/LONG-EARED OWL/123.jpg,LONG-EARED OWL,train,ASIO OTUS
325.0,train/LONG-EARED OWL/134.jpg,LONG-EARED OWL,train,ASIO OTUS
325.0,train/LONG-EARED OWL/102.jpg,LONG-EARED OWL,train,ASIO OTUS
325.0,train/LONG-EARED OWL/081.jpg,LONG-EARED OWL,train,ASIO OTUS
325.0,train/LONG-EARED OWL/105.jpg,LONG-EARED OWL,train,ASIO OTUS
325.0,train/LONG-EARED OWL/116.jpg,LONG-EARED OWL,train,ASIO OTUS
325.0,train/LONG-EARED OWL/094.jpg,LONG-EARED OWL,train,ASIO OTUS
325.0,train/LONG-EARED OWL/108.jpg,LONG-EARED OWL,train,ASIO OTUS
325.0,train/LONG-EARED OWL/111.jpg,LONG-EARED OWL,train,ASIO OTUS
325.0,train/LONG-EARED OWL/117.jpg,LONG-EARED OWL,train,ASIO OTUS
325.0,train/LONG-EARED OWL/118.jpg,LONG-EARED OWL,train,ASIO OTUS
325.0,train/LONG-EARED OWL/112.jpg,LONG-EARED OWL,train,ASIO OTUS
325.0,train/LONG-EARED OWL/115.jpg,LONG-EARED OWL,train,ASIO OTUS
325.0,train/LONG-EARED OWL/114.jpg,LONG-EARED OWL,train,ASIO OTUS
325.0,train/LONG-EARED OWL/113.jpg,LONG-EARED OWL,train,ASIO OTUS
325.0,train/LONG-EARED OWL/103.jpg,LONG-EARED OWL,train,ASIO OTUS
325.0,train/LONG-EARED OWL/090.jpg,LONG-EARED OWL,train,ASIO OTUS
325.0,train/LONG-EARED OWL/107.jpg,LONG-EARED OWL,train,ASIO OTUS
325.0,train/LONG-EARED OWL/133.jpg,LONG-EARED OWL,train,ASIO OTUS
325.0,train/LONG-EARED OWL/126.jpg,LONG-EARED OWL,train,ASIO OTUS
325.0,train/LONG-EARED OWL/127.jpg,LONG-EARED OWL,train,ASIO OTUS
325.0,train/LONG-EARED OWL/155.jpg,LONG-EARED OWL,train,ASIO OTUS
325.0,train/LONG-EARED OWL/128.jpg,LONG-EARED OWL,train,ASIO OTUS
325.0,train/LONG-EARED OWL/129.jpg,LONG-EARED OWL,train,ASIO OTUS
325.0,train/LONG-EARED OWL/124.jpg,LONG-EARED OWL,train,ASIO OTUS
325.0,train/LONG-EARED OWL/142.jpg,LONG-EARED OWL,train,ASIO OTUS
325.0,train/LONG-EARED OWL/125.jpg,LONG-EARED OWL,train,ASIO OTUS
325.0,train/LONG-EARED OWL/140.jpg,LONG-EARED OWL,train,ASIO OTUS
325.0,train/LONG-EARED OWL/137.jpg,LONG-EARED OWL,train,ASIO OTUS
325.0,train/LONG-EARED OWL/138.jpg,LONG-EARED OWL,train,ASIO OTUS
325.0,train/LONG-EARED OWL/143.jpg,LONG-EARED OWL,train,ASIO OTUS
325.0,train/LONG-EARED OWL/132.jpg,LONG-EARED OWL,train,ASIO OTUS
325.0,train/LONG-EARED OWL/109.jpg,LONG-EARED OWL,train,ASIO OTUS
325.0,train/LONG-EARED OWL/148.jpg,LONG-EARED OWL,train,ASIO OTUS
325.0,train/LONG-EARED OWL/139.jpg,LONG-EARED OWL,train,ASIO OTUS
325.0,train/LONG-EARED OWL/131.jpg,LONG-EARED OWL,train,ASIO OTUS
325.0,train/LONG-EARED OWL/146.jpg,LONG-EARED OWL,train,ASIO OTUS
325.0,train/LONG-EARED OWL/130.jpg,LONG-EARED OWL,train,ASIO OTUS
325.0,train/LONG-EARED OWL/159.jpg,LONG-EARED OWL,train,ASIO OTUS
325.0,train/LONG-EARED OWL/151.jpg,LONG-EARED OWL,train,ASIO OTUS
325.0,train/LONG-EARED OWL/144.jpg,LONG-EARED OWL,train,ASIO OTUS
325.0,train/LONG-EARED OWL/157.jpg,LONG-EARED OWL,train,ASIO OTUS
325.0,train/LONG-EARED OWL/154.jpg,LONG-EARED OWL,train,ASIO OTUS
325.0,train/LONG-EARED OWL/147.jpg,LONG-EARED OWL,train,ASIO OTUS
325.0,train/LONG-EARED OWL/152.jpg,LONG-EARED OWL,train,ASIO OTUS
325.0,train/LONG-EARED OWL/145.jpg,LONG-EARED OWL,train,ASIO OTUS
325.0,train/LONG-EARED OWL/121.jpg,LONG-EARED OWL,train,ASIO OTUS
325.0,train/LONG-EARED OWL/149.jpg,LONG-EARED OWL,train,ASIO OTUS
325.0,train/LONG-EARED OWL/153.jpg,LONG-EARED OWL,train,ASIO OTUS
325.0,train/LONG-EARED OWL/141.jpg,LONG-EARED OWL,train,ASIO OTUS
325.0,train/LONG-EARED OWL/122.jpg,LONG-EARED OWL,train,ASIO OTUS
325.0,train/LONG-EARED OWL/150.jpg,LONG-EARED OWL,train,ASIO OTUS
325.0,train/LONG-EARED OWL/104.jpg,LONG-EARED OWL,train,ASIO OTUS
325.0,train/LONG-EARED OWL/158.jpg,LONG-EARED OWL,train,ASIO OTUS
325.0,train/LONG-EARED OWL/156.jpg,LONG-EARED OWL,train,ASIO OTUS
325.0,train/LONG-EARED OWL/082.jpg,LONG-EARED OWL,train,ASIO OTUS
325.0,train/LONG-EARED OWL/160.jpg,LONG-EARED OWL,train,ASIO OTUS
363.0,train/ORIENTAL BAY OWL/098.jpg,ORIENTAL BAY OWL,train,PHODILUS BADIUS
363.0,train/ORIENTAL BAY OWL/107.jpg,ORIENTAL BAY OWL,train,PHODILUS BADIUS
363.0,train/ORIENTAL BAY OWL/136.jpg,ORIENTAL BAY OWL,train,PHODILUS BADIUS
363.0,train/ORIENTAL BAY OWL/025.jpg,ORIENTAL BAY OWL,train,PHODILUS BADIUS
363.0,train/ORIENTAL BAY OWL/046.jpg,ORIENTAL BAY OWL,train,PHODILUS BADIUS
363.0,train/ORIENTAL BAY OWL/004.jpg,ORIENTAL BAY OWL,train,PHODILUS BADIUS
363.0,train/ORIENTAL BAY OWL/001.jpg,ORIENTAL BAY OWL,train,PHODILUS BADIUS
363.0,train/ORIENTAL BAY OWL/022.jpg,ORIENTAL BAY OWL,train,PHODILUS BADIUS
363.0,train/ORIENTAL BAY OWL/002.jpg,ORIENTAL BAY OWL,train,PHODILUS BADIUS
363.0,train/ORIENTAL BAY OWL/013.jpg,ORIENTAL BAY OWL,train,PHODILUS BADIUS
363.0,train/ORIENTAL BAY OWL/012.jpg,ORIENTAL BAY OWL,train,PHODILUS BADIUS
363.0,train/ORIENTAL BAY OWL/015.jpg,ORIENTAL BAY OWL,train,PHODILUS BADIUS
363.0,train/ORIENTAL BAY OWL/010.jpg,ORIENTAL BAY OWL,train,PHODILUS BADIUS
363.0,train/ORIENTAL BAY OWL/011.jpg,ORIENTAL BAY OWL,train,PHODILUS BADIUS
363.0,train/ORIENTAL BAY OWL/019.jpg,ORIENTAL BAY OWL,train,PHODILUS BADIUS
363.0,train/ORIENTAL BAY OWL/089.jpg,ORIENTAL BAY OWL,train,PHODILUS BADIUS
363.0,train/ORIENTAL BAY OWL/003.jpg,ORIENTAL BAY OWL,train,PHODILUS BADIUS
363.0,train/ORIENTAL BAY OWL/020.jpg,ORIENTAL BAY OWL,train,PHODILUS BADIUS
363.0,train/ORIENTAL BAY OWL/038.jpg,ORIENTAL BAY OWL,train,PHODILUS BADIUS
363.0,train/ORIENTAL BAY OWL/037.jpg,ORIENTAL BAY OWL,train,PHODILUS BADIUS
363.0,train/ORIENTAL BAY OWL/016.jpg,ORIENTAL BAY OWL,train,PHODILUS BADIUS
363.0,train/ORIENTAL BAY OWL/024.jpg,ORIENTAL BAY OWL,train,PHODILUS BADIUS
363.0,train/ORIENTAL BAY OWL/007.jpg,ORIENTAL BAY OWL,train,PHODILUS BADIUS
363.0,train/ORIENTAL BAY OWL/009.jpg,ORIENTAL BAY OWL,train,PHODILUS BADIUS
363.0,train/ORIENTAL BAY OWL/078.jpg,ORIENTAL BAY OWL,train,PHODILUS BADIUS
363.0,train/ORIENTAL BAY OWL/026.jpg,ORIENTAL BAY OWL,train,PHODILUS BADIUS
363.0,train/ORIENTAL BAY OWL/027.jpg,ORIENTAL BAY OWL,train,PHODILUS BADIUS
363.0,train/ORIENTAL BAY OWL/023.jpg,ORIENTAL BAY OWL,train,PHODILUS BADIUS
363.0,train/ORIENTAL BAY OWL/044.jpg,ORIENTAL BAY OWL,train,PHODILUS BADIUS
363.0,train/ORIENTAL BAY OWL/030.jpg,ORIENTAL BAY OWL,train,PHODILUS BADIUS
363.0,train/ORIENTAL BAY OWL/031.jpg,ORIENTAL BAY OWL,train,PHODILUS BADIUS
363.0,train/ORIENTAL BAY OWL/032.jpg,ORIENTAL BAY OWL,train,PHODILUS BADIUS
363.0,train/ORIENTAL BAY OWL/033.jpg,ORIENTAL BAY OWL,train,PHODILUS BADIUS
363.0,train/ORIENTAL BAY OWL/034.jpg,ORIENTAL BAY OWL,train,PHODILUS BADIUS
363.0,train/ORIENTAL BAY OWL/035.jpg,ORIENTAL BAY OWL,train,PHODILUS BADIUS
363.0,train/ORIENTAL BAY OWL/036.jpg,ORIENTAL BAY OWL,train,PHODILUS BADIUS
363.0,train/ORIENTAL BAY OWL/028.jpg,ORIENTAL BAY OWL,train,PHODILUS BADIUS
363.0,train/ORIENTAL BAY OWL/017.jpg,ORIENTAL BAY OWL,train,PHODILUS BADIUS
363.0,train/ORIENTAL BAY OWL/068.jpg,ORIENTAL BAY OWL,train,PHODILUS BADIUS
363.0,train/ORIENTAL BAY OWL/062.jpg,ORIENTAL BAY OWL,train,PHODILUS BADIUS
363.0,train/ORIENTAL BAY OWL/018.jpg,ORIENTAL BAY OWL,train,PHODILUS BADIUS
363.0,train/ORIENTAL BAY OWL/014.jpg,ORIENTAL BAY OWL,train,PHODILUS BADIUS
363.0,train/ORIENTAL BAY OWL/041.jpg,ORIENTAL BAY OWL,train,PHODILUS BADIUS
363.0,train/ORIENTAL BAY OWL/042.jpg,ORIENTAL BAY OWL,train,PHODILUS BADIUS
363.0,train/ORIENTAL BAY OWL/045.jpg,ORIENTAL BAY OWL,train,PHODILUS BADIUS
363.0,train/ORIENTAL BAY OWL/053.jpg,ORIENTAL BAY OWL,train,PHODILUS BADIUS
363.0,train/ORIENTAL BAY OWL/056.jpg,ORIENTAL BAY OWL,train,PHODILUS BADIUS
363.0,train/ORIENTAL BAY OWL/008.jpg,ORIENTAL BAY OWL,train,PHODILUS BADIUS
363.0,train/ORIENTAL BAY OWL/047.jpg,ORIENTAL BAY OWL,train,PHODILUS BADIUS
363.0,train/ORIENTAL BAY OWL/043.jpg,ORIENTAL BAY OWL,train,PHODILUS BADIUS
363.0,train/ORIENTAL BAY OWL/050.jpg,ORIENTAL BAY OWL,train,PHODILUS BADIUS
363.0,train/ORIENTAL BAY OWL/048.jpg,ORIENTAL BAY OWL,train,PHODILUS BADIUS
363.0,train/ORIENTAL BAY OWL/072.jpg,ORIENTAL BAY OWL,train,PHODILUS BADIUS
363.0,train/ORIENTAL BAY OWL/058.jpg,ORIENTAL BAY OWL,train,PHODILUS BADIUS
363.0,train/ORIENTAL BAY OWL/060.jpg,ORIENTAL BAY OWL,train,PHODILUS BADIUS
363.0,train/ORIENTAL BAY OWL/054.jpg,ORIENTAL BAY OWL,train,PHODILUS BADIUS
363.0,train/ORIENTAL BAY OWL/055.jpg,ORIENTAL BAY OWL,train,PHODILUS BADIUS
363.0,train/ORIENTAL BAY OWL/061.jpg,ORIENTAL BAY OWL,train,PHODILUS BADIUS
363.0,train/ORIENTAL BAY OWL/040.jpg,ORIENTAL BAY OWL,train,PHODILUS BADIUS
363.0,train/ORIENTAL BAY OWL/057.jpg,ORIENTAL BAY OWL,train,PHODILUS BADIUS
363.0,train/ORIENTAL BAY OWL/063.jpg,ORIENTAL BAY OWL,train,PHODILUS BADIUS
363.0,train/ORIENTAL BAY OWL/064.jpg,ORIENTAL BAY OWL,train,PHODILUS BADIUS
363.0,train/ORIENTAL BAY OWL/065.jpg,ORIENTAL BAY OWL,train,PHODILUS BADIUS
363.0,train/ORIENTAL BAY OWL/066.jpg,ORIENTAL BAY OWL,train,PHODILUS BADIUS
363.0,train/ORIENTAL BAY OWL/067.jpg,ORIENTAL BAY OWL,train,PHODILUS BADIUS
363.0,train/ORIENTAL BAY OWL/059.jpg,ORIENTAL BAY OWL,train,PHODILUS BADIUS
363.0,train/ORIENTAL BAY OWL/074.jpg,ORIENTAL BAY OWL,train,PHODILUS BADIUS
363.0,train/ORIENTAL BAY OWL/073.jpg,ORIENTAL BAY OWL,train,PHODILUS BADIUS
363.0,train/ORIENTAL BAY OWL/069.jpg,ORIENTAL BAY OWL,train,PHODILUS BADIUS
363.0,train/ORIENTAL BAY OWL/051.jpg,ORIENTAL BAY OWL,train,PHODILUS BADIUS
363.0,train/ORIENTAL BAY OWL/070.jpg,ORIENTAL BAY OWL,train,PHODILUS BADIUS
363.0,train/ORIENTAL BAY OWL/052.jpg,ORIENTAL BAY OWL,train,PHODILUS BADIUS
363.0,train/ORIENTAL BAY OWL/077.jpg,ORIENTAL BAY OWL,train,PHODILUS BADIUS
363.0,train/ORIENTAL BAY OWL/049.jpg,ORIENTAL BAY OWL,train,PHODILUS BADIUS
363.0,train/ORIENTAL BAY OWL/071.jpg,ORIENTAL BAY OWL,train,PHODILUS BADIUS
363.0,train/ORIENTAL BAY OWL/075.jpg,ORIENTAL BAY OWL,train,PHODILUS BADIUS
363.0,train/ORIENTAL BAY OWL/076.jpg,ORIENTAL BAY OWL,train,PHODILUS BADIUS
363.0,train/ORIENTAL BAY OWL/081.jpg,ORIENTAL BAY OWL,train,PHODILUS BADIUS
363.0,train/ORIENTAL BAY OWL/029.jpg,ORIENTAL BAY OWL,train,PHODILUS BADIUS
363.0,train/ORIENTAL BAY OWL/128.jpg,ORIENTAL BAY OWL,train,PHODILUS BADIUS
363.0,train/ORIENTAL BAY OWL/099.jpg,ORIENTAL BAY OWL,train,PHODILUS BADIUS
363.0,train/ORIENTAL BAY OWL/115.jpg,ORIENTAL BAY OWL,train,PHODILUS BADIUS
363.0,train/ORIENTAL BAY OWL/118.jpg,ORIENTAL BAY OWL,train,PHODILUS BADIUS
363.0,train/ORIENTAL BAY OWL/079.jpg,ORIENTAL BAY OWL,train,PHODILUS BADIUS
363.0,train/ORIENTAL BAY OWL/083.jpg,ORIENTAL BAY OWL,train,PHODILUS BADIUS
363.0,train/ORIENTAL BAY OWL/087.jpg,ORIENTAL BAY OWL,train,PHODILUS BADIUS
363.0,train/ORIENTAL BAY OWL/149.jpg,ORIENTAL BAY OWL,train,PHODILUS BADIUS
363.0,train/ORIENTAL BAY OWL/090.jpg,ORIENTAL BAY OWL,train,PHODILUS BADIUS
363.0,train/ORIENTAL BAY OWL/109.jpg,ORIENTAL BAY OWL,train,PHODILUS BADIUS
363.0,train/ORIENTAL BAY OWL/091.jpg,ORIENTAL BAY OWL,train,PHODILUS BADIUS
363.0,train/ORIENTAL BAY OWL/092.jpg,ORIENTAL BAY OWL,train,PHODILUS BADIUS
363.0,train/ORIENTAL BAY OWL/093.jpg,ORIENTAL BAY OWL,train,PHODILUS BADIUS
363.0,train/ORIENTAL BAY OWL/094.jpg,ORIENTAL BAY OWL,train,PHODILUS BADIUS
363.0,train/ORIENTAL BAY OWL/095.jpg,ORIENTAL BAY OWL,train,PHODILUS BADIUS
363.0,train/ORIENTAL BAY OWL/096.jpg,ORIENTAL BAY OWL,train,PHODILUS BADIUS
363.0,train/ORIENTAL BAY OWL/085.jpg,ORIENTAL BAY OWL,train,PHODILUS BADIUS
363.0,train/ORIENTAL BAY OWL/103.jpg,ORIENTAL BAY OWL,train,PHODILUS BADIUS
363.0,train/ORIENTAL BAY OWL/117.jpg,ORIENTAL BAY OWL,train,PHODILUS BADIUS
363.0,train/ORIENTAL BAY OWL/086.jpg,ORIENTAL BAY OWL,train,PHODILUS BADIUS
363.0,train/ORIENTAL BAY OWL/106.jpg,ORIENTAL BAY OWL,train,PHODILUS BADIUS
363.0,train/ORIENTAL BAY OWL/005.jpg,ORIENTAL BAY OWL,train,PHODILUS BADIUS
363.0,train/ORIENTAL BAY OWL/101.jpg,ORIENTAL BAY OWL,train,PHODILUS BADIUS
363.0,train/ORIENTAL BAY OWL/097.jpg,ORIENTAL BAY OWL,train,PHODILUS BADIUS
363.0,train/ORIENTAL BAY OWL/105.jpg,ORIENTAL BAY OWL,train,PHODILUS BADIUS
363.0,train/ORIENTAL BAY OWL/021.jpg,ORIENTAL BAY OWL,train,PHODILUS BADIUS
363.0,train/ORIENTAL BAY OWL/104.jpg,ORIENTAL BAY OWL,train,PHODILUS BADIUS
363.0,train/ORIENTAL BAY OWL/102.jpg,ORIENTAL BAY OWL,train,PHODILUS BADIUS
363.0,train/ORIENTAL BAY OWL/088.jpg,ORIENTAL BAY OWL,train,PHODILUS BADIUS
363.0,train/ORIENTAL BAY OWL/006.jpg,ORIENTAL BAY OWL,train,PHODILUS BADIUS
363.0,train/ORIENTAL BAY OWL/112.jpg,ORIENTAL BAY OWL,train,PHODILUS BADIUS
363.0,train/ORIENTAL BAY OWL/084.jpg,ORIENTAL BAY OWL,train,PHODILUS BADIUS
363.0,train/ORIENTAL BAY OWL/100.jpg,ORIENTAL BAY OWL,train,PHODILUS BADIUS
363.0,train/ORIENTAL BAY OWL/111.jpg,ORIENTAL BAY OWL,train,PHODILUS BADIUS
363.0,train/ORIENTAL BAY OWL/114.jpg,ORIENTAL BAY OWL,train,PHODILUS BADIUS
363.0,train/ORIENTAL BAY OWL/039.jpg,ORIENTAL BAY OWL,train,PHODILUS BADIUS
363.0,train/ORIENTAL BAY OWL/110.jpg,ORIENTAL BAY OWL,train,PHODILUS BADIUS
363.0,train/ORIENTAL BAY OWL/082.jpg,ORIENTAL BAY OWL,train,PHODILUS BADIUS
363.0,train/ORIENTAL BAY OWL/131.jpg,ORIENTAL BAY OWL,train,PHODILUS BADIUS
363.0,train/ORIENTAL BAY OWL/113.jpg,ORIENTAL BAY OWL,train,PHODILUS BADIUS
363.0,train/ORIENTAL BAY OWL/121.jpg,ORIENTAL BAY OWL,train,PHODILUS BADIUS
363.0,train/ORIENTAL BAY OWL/124.jpg,ORIENTAL BAY OWL,train,PHODILUS BADIUS
363.0,train/ORIENTAL BAY OWL/125.jpg,ORIENTAL BAY OWL,train,PHODILUS BADIUS
363.0,train/ORIENTAL BAY OWL/126.jpg,ORIENTAL BAY OWL,train,PHODILUS BADIUS
363.0,train/ORIENTAL BAY OWL/127.jpg,ORIENTAL BAY OWL,train,PHODILUS BADIUS
363.0,train/ORIENTAL BAY OWL/138.jpg,ORIENTAL BAY OWL,train,PHODILUS BADIUS
363.0,train/ORIENTAL BAY OWL/140.jpg,ORIENTAL BAY OWL,train,PHODILUS BADIUS
363.0,train/ORIENTAL BAY OWL/150.jpg,ORIENTAL BAY OWL,train,PHODILUS BADIUS
363.0,train/ORIENTAL BAY OWL/137.jpg,ORIENTAL BAY OWL,train,PHODILUS BADIUS
363.0,train/ORIENTAL BAY OWL/123.jpg,ORIENTAL BAY OWL,train,PHODILUS BADIUS
363.0,train/ORIENTAL BAY OWL/153.jpg,ORIENTAL BAY OWL,train,PHODILUS BADIUS
363.0,train/ORIENTAL BAY OWL/130.jpg,ORIENTAL BAY OWL,train,PHODILUS BADIUS
363.0,train/ORIENTAL BAY OWL/132.jpg,ORIENTAL BAY OWL,train,PHODILUS BADIUS
363.0,train/ORIENTAL BAY OWL/154.jpg,ORIENTAL BAY OWL,train,PHODILUS BADIUS
363.0,train/ORIENTAL BAY OWL/122.jpg,ORIENTAL BAY OWL,train,PHODILUS BADIUS
363.0,train/ORIENTAL BAY OWL/156.jpg,ORIENTAL BAY OWL,train,PHODILUS BADIUS
363.0,train/ORIENTAL BAY OWL/134.jpg,ORIENTAL BAY OWL,train,PHODILUS BADIUS
363.0,train/ORIENTAL BAY OWL/151.jpg,ORIENTAL BAY OWL,train,PHODILUS BADIUS
363.0,train/ORIENTAL BAY OWL/135.jpg,ORIENTAL BAY OWL,train,PHODILUS BADIUS
363.0,train/ORIENTAL BAY OWL/152.jpg,ORIENTAL BAY OWL,train,PHODILUS BADIUS
363.0,train/ORIENTAL BAY OWL/143.jpg,ORIENTAL BAY OWL,train,PHODILUS BADIUS
363.0,train/ORIENTAL BAY OWL/139.jpg,ORIENTAL BAY OWL,train,PHODILUS BADIUS
363.0,train/ORIENTAL BAY OWL/108.jpg,ORIENTAL BAY OWL,train,PHODILUS BADIUS
363.0,train/ORIENTAL BAY OWL/147.jpg,ORIENTAL BAY OWL,train,PHODILUS BADIUS
363.0,train/ORIENTAL BAY OWL/119.jpg,ORIENTAL BAY OWL,train,PHODILUS BADIUS
363.0,train/ORIENTAL BAY OWL/142.jpg,ORIENTAL BAY OWL,train,PHODILUS BADIUS
363.0,train/ORIENTAL BAY OWL/144.jpg,ORIENTAL BAY OWL,train,PHODILUS BADIUS
363.0,train/ORIENTAL BAY OWL/145.jpg,ORIENTAL BAY OWL,train,PHODILUS BADIUS
363.0,train/ORIENTAL BAY OWL/141.jpg,ORIENTAL BAY OWL,train,PHODILUS BADIUS
363.0,train/ORIENTAL BAY OWL/148.jpg,ORIENTAL BAY OWL,train,PHODILUS BADIUS
363.0,train/ORIENTAL BAY OWL/120.jpg,ORIENTAL BAY OWL,train,PHODILUS BADIUS
363.0,train/ORIENTAL BAY OWL/080.jpg,ORIENTAL BAY OWL,train,PHODILUS BADIUS
363.0,train/ORIENTAL BAY OWL/129.jpg,ORIENTAL BAY OWL,train,PHODILUS BADIUS
363.0,train/ORIENTAL BAY OWL/157.jpg,ORIENTAL BAY OWL,train,PHODILUS BADIUS
363.0,train/ORIENTAL BAY OWL/146.jpg,ORIENTAL BAY OWL,train,PHODILUS BADIUS
363.0,train/ORIENTAL BAY OWL/133.jpg,ORIENTAL BAY OWL,train,PHODILUS BADIUS
363.0,train/ORIENTAL BAY OWL/155.jpg,ORIENTAL BAY OWL,train,PHODILUS BADIUS
363.0,train/ORIENTAL BAY OWL/116.jpg,ORIENTAL BAY OWL,train,PHODILUS BADIUS
444.0,train/SNOWY OWL/001.jpg,SNOWY OWL,train,BUBO SCANDIACUS
444.0,train/SNOWY OWL/018.jpg,SNOWY OWL,train,BUBO SCANDIACUS
444.0,train/SNOWY OWL/081.jpg,SNOWY OWL,train,BUBO SCANDIACUS
444.0,train/SNOWY OWL/025.jpg,SNOWY OWL,train,BUBO SCANDIACUS
444.0,train/SNOWY OWL/013.jpg,SNOWY OWL,train,BUBO SCANDIACUS
444.0,train/SNOWY OWL/004.jpg,SNOWY OWL,train,BUBO SCANDIACUS
444.0,train/SNOWY OWL/002.jpg,SNOWY OWL,train,BUBO SCANDIACUS
444.0,train/SNOWY OWL/142.jpg,SNOWY OWL,train,BUBO SCANDIACUS
444.0,train/SNOWY OWL/015.jpg,SNOWY OWL,train,BUBO SCANDIACUS
444.0,train/SNOWY OWL/039.jpg,SNOWY OWL,train,BUBO SCANDIACUS
444.0,train/SNOWY OWL/012.jpg,SNOWY OWL,train,BUBO SCANDIACUS
444.0,train/SNOWY OWL/006.jpg,SNOWY OWL,train,BUBO SCANDIACUS
444.0,train/SNOWY OWL/007.jpg,SNOWY OWL,train,BUBO SCANDIACUS
444.0,train/SNOWY OWL/003.jpg,SNOWY OWL,train,BUBO SCANDIACUS
444.0,train/SNOWY OWL/064.jpg,SNOWY OWL,train,BUBO SCANDIACUS
444.0,train/SNOWY OWL/017.jpg,SNOWY OWL,train,BUBO SCANDIACUS
444.0,train/SNOWY OWL/010.jpg,SNOWY OWL,train,BUBO SCANDIACUS
444.0,train/SNOWY OWL/014.jpg,SNOWY OWL,train,BUBO SCANDIACUS
444.0,train/SNOWY OWL/033.jpg,SNOWY OWL,train,BUBO SCANDIACUS
444.0,train/SNOWY OWL/038.jpg,SNOWY OWL,train,BUBO SCANDIACUS
444.0,train/SNOWY OWL/011.jpg,SNOWY OWL,train,BUBO SCANDIACUS
444.0,train/SNOWY OWL/024.jpg,SNOWY OWL,train,BUBO SCANDIACUS
444.0,train/SNOWY OWL/027.jpg,SNOWY OWL,train,BUBO SCANDIACUS
444.0,train/SNOWY OWL/029.jpg,SNOWY OWL,train,BUBO SCANDIACUS
444.0,train/SNOWY OWL/053.jpg,SNOWY OWL,train,BUBO SCANDIACUS
444.0,train/SNOWY OWL/058.jpg,SNOWY OWL,train,BUBO SCANDIACUS
444.0,train/SNOWY OWL/035.jpg,SNOWY OWL,train,BUBO SCANDIACUS
444.0,train/SNOWY OWL/005.jpg,SNOWY OWL,train,BUBO SCANDIACUS
444.0,train/SNOWY OWL/037.jpg,SNOWY OWL,train,BUBO SCANDIACUS
444.0,train/SNOWY OWL/019.jpg,SNOWY OWL,train,BUBO SCANDIACUS
444.0,train/SNOWY OWL/032.jpg,SNOWY OWL,train,BUBO SCANDIACUS
444.0,train/SNOWY OWL/020.jpg,SNOWY OWL,train,BUBO SCANDIACUS
444.0,train/SNOWY OWL/034.jpg,SNOWY OWL,train,BUBO SCANDIACUS
444.0,train/SNOWY OWL/026.jpg,SNOWY OWL,train,BUBO SCANDIACUS
444.0,train/SNOWY OWL/036.jpg,SNOWY OWL,train,BUBO SCANDIACUS
444.0,train/SNOWY OWL/021.jpg,SNOWY OWL,train,BUBO SCANDIACUS
444.0,train/SNOWY OWL/030.jpg,SNOWY OWL,train,BUBO SCANDIACUS
444.0,train/SNOWY OWL/031.jpg,SNOWY OWL,train,BUBO SCANDIACUS
444.0,train/SNOWY OWL/009.jpg,SNOWY OWL,train,BUBO SCANDIACUS
444.0,train/SNOWY OWL/023.jpg,SNOWY OWL,train,BUBO SCANDIACUS
444.0,train/SNOWY OWL/068.jpg,SNOWY OWL,train,BUBO SCANDIACUS
444.0,train/SNOWY OWL/060.jpg,SNOWY OWL,train,BUBO SCANDIACUS
444.0,train/SNOWY OWL/044.jpg,SNOWY OWL,train,BUBO SCANDIACUS
444.0,train/SNOWY OWL/049.jpg,SNOWY OWL,train,BUBO SCANDIACUS
444.0,train/SNOWY OWL/047.jpg,SNOWY OWL,train,BUBO SCANDIACUS
444.0,train/SNOWY OWL/045.jpg,SNOWY OWL,train,BUBO SCANDIACUS
444.0,train/SNOWY OWL/048.jpg,SNOWY OWL,train,BUBO SCANDIACUS
444.0,train/SNOWY OWL/059.jpg,SNOWY OWL,train,BUBO SCANDIACUS
444.0,train/SNOWY OWL/077.jpg,SNOWY OWL,train,BUBO SCANDIACUS
444.0,train/SNOWY OWL/075.jpg,SNOWY OWL,train,BUBO SCANDIACUS
444.0,train/SNOWY OWL/056.jpg,SNOWY OWL,train,BUBO SCANDIACUS
444.0,train/SNOWY OWL/046.jpg,SNOWY OWL,train,BUBO SCANDIACUS
444.0,train/SNOWY OWL/055.jpg,SNOWY OWL,train,BUBO SCANDIACUS
444.0,train/SNOWY OWL/050.jpg,SNOWY OWL,train,BUBO SCANDIACUS
444.0,train/SNOWY OWL/043.jpg,SNOWY OWL,train,BUBO SCANDIACUS
444.0,train/SNOWY OWL/079.jpg,SNOWY OWL,train,BUBO SCANDIACUS
444.0,train/SNOWY OWL/066.jpg,SNOWY OWL,train,BUBO SCANDIACUS
444.0,train/SNOWY OWL/022.jpg,SNOWY OWL,train,BUBO SCANDIACUS
444.0,train/SNOWY OWL/042.jpg,SNOWY OWL,train,BUBO SCANDIACUS
444.0,train/SNOWY OWL/074.jpg,SNOWY OWL,train,BUBO SCANDIACUS
444.0,train/SNOWY OWL/008.jpg,SNOWY OWL,train,BUBO SCANDIACUS
444.0,train/SNOWY OWL/062.jpg,SNOWY OWL,train,BUBO SCANDIACUS
444.0,train/SNOWY OWL/070.jpg,SNOWY OWL,train,BUBO SCANDIACUS
444.0,train/SNOWY OWL/072.jpg,SNOWY OWL,train,BUBO SCANDIACUS
444.0,train/SNOWY OWL/065.jpg,SNOWY OWL,train,BUBO SCANDIACUS
444.0,train/SNOWY OWL/073.jpg,SNOWY OWL,train,BUBO SCANDIACUS
444.0,train/SNOWY OWL/067.jpg,SNOWY OWL,train,BUBO SCANDIACUS
444.0,train/SNOWY OWL/076.jpg,SNOWY OWL,train,BUBO SCANDIACUS
444.0,train/SNOWY OWL/069.jpg,SNOWY OWL,train,BUBO SCANDIACUS
444.0,train/SNOWY OWL/078.jpg,SNOWY OWL,train,BUBO SCANDIACUS
444.0,train/SNOWY OWL/063.jpg,SNOWY OWL,train,BUBO SCANDIACUS
444.0,train/SNOWY OWL/054.jpg,SNOWY OWL,train,BUBO SCANDIACUS
444.0,train/SNOWY OWL/061.jpg,SNOWY OWL,train,BUBO SCANDIACUS
444.0,train/SNOWY OWL/057.jpg,SNOWY OWL,train,BUBO SCANDIACUS
444.0,train/SNOWY OWL/041.jpg,SNOWY OWL,train,BUBO SCANDIACUS
444.0,train/SNOWY OWL/040.jpg,SNOWY OWL,train,BUBO SCANDIACUS
444.0,train/SNOWY OWL/052.jpg,SNOWY OWL,train,BUBO SCANDIACUS
444.0,train/SNOWY OWL/071.jpg,SNOWY OWL,train,BUBO SCANDIACUS
444.0,train/SNOWY OWL/016.jpg,SNOWY OWL,train,BUBO SCANDIACUS
444.0,train/SNOWY OWL/149.jpg,SNOWY OWL,train,BUBO SCANDIACUS
444.0,train/SNOWY OWL/051.jpg,SNOWY OWL,train,BUBO SCANDIACUS
444.0,train/SNOWY OWL/091.jpg,SNOWY OWL,train,BUBO SCANDIACUS
444.0,train/SNOWY OWL/120.jpg,SNOWY OWL,train,BUBO SCANDIACUS
444.0,train/SNOWY OWL/089.jpg,SNOWY OWL,train,BUBO SCANDIACUS
444.0,train/SNOWY OWL/090.jpg,SNOWY OWL,train,BUBO SCANDIACUS
444.0,train/SNOWY OWL/085.jpg,SNOWY OWL,train,BUBO SCANDIACUS
444.0,train/SNOWY OWL/094.jpg,SNOWY OWL,train,BUBO SCANDIACUS
444.0,train/SNOWY OWL/097.jpg,SNOWY OWL,train,BUBO SCANDIACUS
444.0,train/SNOWY OWL/156.jpg,SNOWY OWL,train,BUBO SCANDIACUS
444.0,train/SNOWY OWL/116.jpg,SNOWY OWL,train,BUBO SCANDIACUS
444.0,train/SNOWY OWL/098.jpg,SNOWY OWL,train,BUBO SCANDIACUS
444.0,train/SNOWY OWL/100.jpg,SNOWY OWL,train,BUBO SCANDIACUS
444.0,train/SNOWY OWL/102.jpg,SNOWY OWL,train,BUBO SCANDIACUS
444.0,train/SNOWY OWL/095.jpg,SNOWY OWL,train,BUBO SCANDIACUS
444.0,train/SNOWY OWL/096.jpg,SNOWY OWL,train,BUBO SCANDIACUS
444.0,train/SNOWY OWL/121.jpg,SNOWY OWL,train,BUBO SCANDIACUS
444.0,train/SNOWY OWL/088.jpg,SNOWY OWL,train,BUBO SCANDIACUS
444.0,train/SNOWY OWL/099.jpg,SNOWY OWL,train,BUBO SCANDIACUS
444.0,train/SNOWY OWL/092.jpg,SNOWY OWL,train,BUBO SCANDIACUS
444.0,train/SNOWY OWL/083.jpg,SNOWY OWL,train,BUBO SCANDIACUS
444.0,train/SNOWY OWL/086.jpg,SNOWY OWL,train,BUBO SCANDIACUS
444.0,train/SNOWY OWL/158.jpg,SNOWY OWL,train,BUBO SCANDIACUS
444.0,train/SNOWY OWL/028.jpg,SNOWY OWL,train,BUBO SCANDIACUS
444.0,train/SNOWY OWL/117.jpg,SNOWY OWL,train,BUBO SCANDIACUS
444.0,train/SNOWY OWL/104.jpg,SNOWY OWL,train,BUBO SCANDIACUS
444.0,train/SNOWY OWL/107.jpg,SNOWY OWL,train,BUBO SCANDIACUS
444.0,train/SNOWY OWL/112.jpg,SNOWY OWL,train,BUBO SCANDIACUS
444.0,train/SNOWY OWL/118.jpg,SNOWY OWL,train,BUBO SCANDIACUS
444.0,train/SNOWY OWL/113.jpg,SNOWY OWL,train,BUBO SCANDIACUS
444.0,train/SNOWY OWL/101.jpg,SNOWY OWL,train,BUBO SCANDIACUS
444.0,train/SNOWY OWL/115.jpg,SNOWY OWL,train,BUBO SCANDIACUS
444.0,train/SNOWY OWL/109.jpg,SNOWY OWL,train,BUBO SCANDIACUS
444.0,train/SNOWY OWL/114.jpg,SNOWY OWL,train,BUBO SCANDIACUS
444.0,train/SNOWY OWL/153.jpg,SNOWY OWL,train,BUBO SCANDIACUS
444.0,train/SNOWY OWL/110.jpg,SNOWY OWL,train,BUBO SCANDIACUS
444.0,train/SNOWY OWL/087.jpg,SNOWY OWL,train,BUBO SCANDIACUS
444.0,train/SNOWY OWL/108.jpg,SNOWY OWL,train,BUBO SCANDIACUS
444.0,train/SNOWY OWL/119.jpg,SNOWY OWL,train,BUBO SCANDIACUS
444.0,train/SNOWY OWL/111.jpg,SNOWY OWL,train,BUBO SCANDIACUS
444.0,train/SNOWY OWL/093.jpg,SNOWY OWL,train,BUBO SCANDIACUS
444.0,train/SNOWY OWL/082.jpg,SNOWY OWL,train,BUBO SCANDIACUS
444.0,train/SNOWY OWL/105.jpg,SNOWY OWL,train,BUBO SCANDIACUS
444.0,train/SNOWY OWL/145.jpg,SNOWY OWL,train,BUBO SCANDIACUS
444.0,train/SNOWY OWL/124.jpg,SNOWY OWL,train,BUBO SCANDIACUS
444.0,train/SNOWY OWL/132.jpg,SNOWY OWL,train,BUBO SCANDIACUS
444.0,train/SNOWY OWL/134.jpg,SNOWY OWL,train,BUBO SCANDIACUS
444.0,train/SNOWY OWL/127.jpg,SNOWY OWL,train,BUBO SCANDIACUS
444.0,train/SNOWY OWL/128.jpg,SNOWY OWL,train,BUBO SCANDIACUS
444.0,train/SNOWY OWL/135.jpg,SNOWY OWL,train,BUBO SCANDIACUS
444.0,train/SNOWY OWL/140.jpg,SNOWY OWL,train,BUBO SCANDIACUS
444.0,train/SNOWY OWL/131.jpg,SNOWY OWL,train,BUBO SCANDIACUS
444.0,train/SNOWY OWL/137.jpg,SNOWY OWL,train,BUBO SCANDIACUS
444.0,train/SNOWY OWL/125.jpg,SNOWY OWL,train,BUBO SCANDIACUS
444.0,train/SNOWY OWL/138.jpg,SNOWY OWL,train,BUBO SCANDIACUS
444.0,train/SNOWY OWL/133.jpg,SNOWY OWL,train,BUBO SCANDIACUS
444.0,train/SNOWY OWL/139.jpg,SNOWY OWL,train,BUBO SCANDIACUS
444.0,train/SNOWY OWL/141.jpg,SNOWY OWL,train,BUBO SCANDIACUS
444.0,train/SNOWY OWL/148.jpg,SNOWY OWL,train,BUBO SCANDIACUS
444.0,train/SNOWY OWL/155.jpg,SNOWY OWL,train,BUBO SCANDIACUS
444.0,train/SNOWY OWL/123.jpg,SNOWY OWL,train,BUBO SCANDIACUS
444.0,train/SNOWY OWL/130.jpg,SNOWY OWL,train,BUBO SCANDIACUS
444.0,train/SNOWY OWL/129.jpg,SNOWY OWL,train,BUBO SCANDIACUS
444.0,train/SNOWY OWL/126.jpg,SNOWY OWL,train,BUBO SCANDIACUS
444.0,train/SNOWY OWL/136.jpg,SNOWY OWL,train,BUBO SCANDIACUS
444.0,train/SNOWY OWL/080.jpg,SNOWY OWL,train,BUBO SCANDIACUS
444.0,train/SNOWY OWL/143.jpg,SNOWY OWL,train,BUBO SCANDIACUS
444.0,train/SNOWY OWL/152.jpg,SNOWY OWL,train,BUBO SCANDIACUS
444.0,train/SNOWY OWL/150.jpg,SNOWY OWL,train,BUBO SCANDIACUS
444.0,train/SNOWY OWL/154.jpg,SNOWY OWL,train,BUBO SCANDIACUS
444.0,train/SNOWY OWL/144.jpg,SNOWY OWL,train,BUBO SCANDIACUS
444.0,train/SNOWY OWL/151.jpg,SNOWY OWL,train,BUBO SCANDIACUS
444.0,train/SNOWY OWL/147.jpg,SNOWY OWL,train,BUBO SCANDIACUS
444.0,train/SNOWY OWL/084.jpg,SNOWY OWL,train,BUBO SCANDIACUS
444.0,train/SNOWY OWL/157.jpg,SNOWY OWL,train,BUBO SCANDIACUS
444.0,train/SNOWY OWL/159.jpg,SNOWY OWL,train,BUBO SCANDIACUS
444.0,train/SNOWY OWL/146.jpg,SNOWY OWL,train,BUBO SCANDIACUS
444.0,train/SNOWY OWL/103.jpg,SNOWY OWL,train,BUBO SCANDIACUS
444.0,train/SNOWY OWL/161.jpg,SNOWY OWL,train,BUBO SCANDIACUS
444.0,train/SNOWY OWL/160.jpg,SNOWY OWL,train,BUBO SCANDIACUS
444.0,train/SNOWY OWL/122.jpg,SNOWY OWL,train,BUBO SCANDIACUS
444.0,train/SNOWY OWL/106.jpg,SNOWY OWL,train,BUBO SCANDIACUS
457.0,train/STRIPED OWL/006.jpg,STRIPED OWL,train,ASIO CLAMATOR
457.0,train/STRIPED OWL/007.jpg,STRIPED OWL,train,ASIO CLAMATOR
457.0,train/STRIPED OWL/017.jpg,STRIPED OWL,train,ASIO CLAMATOR
457.0,train/STRIPED OWL/012.jpg,STRIPED OWL,train,ASIO CLAMATOR
457.0,train/STRIPED OWL/014.jpg,STRIPED OWL,train,ASIO CLAMATOR
457.0,train/STRIPED OWL/011.jpg,STRIPED OWL,train,ASIO CLAMATOR
457.0,train/STRIPED OWL/004.jpg,STRIPED OWL,train,ASIO CLAMATOR
457.0,train/STRIPED OWL/115.jpg,STRIPED OWL,train,ASIO CLAMATOR
457.0,train/STRIPED OWL/009.jpg,STRIPED OWL,train,ASIO CLAMATOR
457.0,train/STRIPED OWL/118.jpg,STRIPED OWL,train,ASIO CLAMATOR
457.0,train/STRIPED OWL/008.jpg,STRIPED OWL,train,ASIO CLAMATOR
457.0,train/STRIPED OWL/071.jpg,STRIPED OWL,train,ASIO CLAMATOR
457.0,train/STRIPED OWL/002.jpg,STRIPED OWL,train,ASIO CLAMATOR
457.0,train/STRIPED OWL/013.jpg,STRIPED OWL,train,ASIO CLAMATOR
457.0,train/STRIPED OWL/015.jpg,STRIPED OWL,train,ASIO CLAMATOR
457.0,train/STRIPED OWL/016.jpg,STRIPED OWL,train,ASIO CLAMATOR
457.0,train/STRIPED OWL/010.jpg,STRIPED OWL,train,ASIO CLAMATOR
457.0,train/STRIPED OWL/019.jpg,STRIPED OWL,train,ASIO CLAMATOR
457.0,train/STRIPED OWL/117.jpg,STRIPED OWL,train,ASIO CLAMATOR
457.0,train/STRIPED OWL/030.jpg,STRIPED OWL,train,ASIO CLAMATOR
457.0,train/STRIPED OWL/023.jpg,STRIPED OWL,train,ASIO CLAMATOR
457.0,train/STRIPED OWL/024.jpg,STRIPED OWL,train,ASIO CLAMATOR
457.0,train/STRIPED OWL/025.jpg,STRIPED OWL,train,ASIO CLAMATOR
457.0,train/STRIPED OWL/018.jpg,STRIPED OWL,train,ASIO CLAMATOR
457.0,train/STRIPED OWL/032.jpg,STRIPED OWL,train,ASIO CLAMATOR
457.0,train/STRIPED OWL/026.jpg,STRIPED OWL,train,ASIO CLAMATOR
457.0,train/STRIPED OWL/027.jpg,STRIPED OWL,train,ASIO CLAMATOR
457.0,train/STRIPED OWL/028.jpg,STRIPED OWL,train,ASIO CLAMATOR
457.0,train/STRIPED OWL/029.jpg,STRIPED OWL,train,ASIO CLAMATOR
457.0,train/STRIPED OWL/021.jpg,STRIPED OWL,train,ASIO CLAMATOR
457.0,train/STRIPED OWL/034.jpg,STRIPED OWL,train,ASIO CLAMATOR
457.0,train/STRIPED OWL/031.jpg,STRIPED OWL,train,ASIO CLAMATOR
457.0,train/STRIPED OWL/033.jpg,STRIPED OWL,train,ASIO CLAMATOR
457.0,train/STRIPED OWL/005.jpg,STRIPED OWL,train,ASIO CLAMATOR
457.0,train/STRIPED OWL/020.jpg,STRIPED OWL,train,ASIO CLAMATOR
457.0,train/STRIPED OWL/038.jpg,STRIPED OWL,train,ASIO CLAMATOR
457.0,train/STRIPED OWL/043.jpg,STRIPED OWL,train,ASIO CLAMATOR
457.0,train/STRIPED OWL/044.jpg,STRIPED OWL,train,ASIO CLAMATOR
457.0,train/STRIPED OWL/045.jpg,STRIPED OWL,train,ASIO CLAMATOR
457.0,train/STRIPED OWL/046.jpg,STRIPED OWL,train,ASIO CLAMATOR
457.0,train/STRIPED OWL/050.jpg,STRIPED OWL,train,ASIO CLAMATOR
457.0,train/STRIPED OWL/072.jpg,STRIPED OWL,train,ASIO CLAMATOR
457.0,train/STRIPED OWL/068.jpg,STRIPED OWL,train,ASIO CLAMATOR
457.0,train/STRIPED OWL/053.jpg,STRIPED OWL,train,ASIO CLAMATOR
457.0,train/STRIPED OWL/022.jpg,STRIPED OWL,train,ASIO CLAMATOR
457.0,train/STRIPED OWL/048.jpg,STRIPED OWL,train,ASIO CLAMATOR
457.0,train/STRIPED OWL/041.jpg,STRIPED OWL,train,ASIO CLAMATOR
457.0,train/STRIPED OWL/001.jpg,STRIPED OWL,train,ASIO CLAMATOR
457.0,train/STRIPED OWL/052.jpg,STRIPED OWL,train,ASIO CLAMATOR
457.0,train/STRIPED OWL/042.jpg,STRIPED OWL,train,ASIO CLAMATOR
457.0,train/STRIPED OWL/051.jpg,STRIPED OWL,train,ASIO CLAMATOR
457.0,train/STRIPED OWL/037.jpg,STRIPED OWL,train,ASIO CLAMATOR
457.0,train/STRIPED OWL/049.jpg,STRIPED OWL,train,ASIO CLAMATOR
457.0,train/STRIPED OWL/064.jpg,STRIPED OWL,train,ASIO CLAMATOR
457.0,train/STRIPED OWL/066.jpg,STRIPED OWL,train,ASIO CLAMATOR
457.0,train/STRIPED OWL/036.jpg,STRIPED OWL,train,ASIO CLAMATOR
457.0,train/STRIPED OWL/070.jpg,STRIPED OWL,train,ASIO CLAMATOR
457.0,train/STRIPED OWL/039.jpg,STRIPED OWL,train,ASIO CLAMATOR
457.0,train/STRIPED OWL/055.jpg,STRIPED OWL,train,ASIO CLAMATOR
457.0,train/STRIPED OWL/065.jpg,STRIPED OWL,train,ASIO CLAMATOR
457.0,train/STRIPED OWL/057.jpg,STRIPED OWL,train,ASIO CLAMATOR
457.0,train/STRIPED OWL/003.jpg,STRIPED OWL,train,ASIO CLAMATOR
457.0,train/STRIPED OWL/069.jpg,STRIPED OWL,train,ASIO CLAMATOR
457.0,train/STRIPED OWL/060.jpg,STRIPED OWL,train,ASIO CLAMATOR
457.0,train/STRIPED OWL/047.jpg,STRIPED OWL,train,ASIO CLAMATOR
457.0,train/STRIPED OWL/040.jpg,STRIPED OWL,train,ASIO CLAMATOR
457.0,train/STRIPED OWL/056.jpg,STRIPED OWL,train,ASIO CLAMATOR
457.0,train/STRIPED OWL/067.jpg,STRIPED OWL,train,ASIO CLAMATOR
457.0,train/STRIPED OWL/059.jpg,STRIPED OWL,train,ASIO CLAMATOR
457.0,train/STRIPED OWL/063.jpg,STRIPED OWL,train,ASIO CLAMATOR
457.0,train/STRIPED OWL/062.jpg,STRIPED OWL,train,ASIO CLAMATOR
457.0,train/STRIPED OWL/119.jpg,STRIPED OWL,train,ASIO CLAMATOR
457.0,train/STRIPED OWL/111.jpg,STRIPED OWL,train,ASIO CLAMATOR
457.0,train/STRIPED OWL/103.jpg,STRIPED OWL,train,ASIO CLAMATOR
457.0,train/STRIPED OWL/077.jpg,STRIPED OWL,train,ASIO CLAMATOR
457.0,train/STRIPED OWL/078.jpg,STRIPED OWL,train,ASIO CLAMATOR
457.0,train/STRIPED OWL/079.jpg,STRIPED OWL,train,ASIO CLAMATOR
457.0,train/STRIPED OWL/090.jpg,STRIPED OWL,train,ASIO CLAMATOR
457.0,train/STRIPED OWL/087.jpg,STRIPED OWL,train,ASIO CLAMATOR
457.0,train/STRIPED OWL/105.jpg,STRIPED OWL,train,ASIO CLAMATOR
457.0,train/STRIPED OWL/081.jpg,STRIPED OWL,train,ASIO CLAMATOR
457.0,train/STRIPED OWL/082.jpg,STRIPED OWL,train,ASIO CLAMATOR
457.0,train/STRIPED OWL/083.jpg,STRIPED OWL,train,ASIO CLAMATOR
457.0,train/STRIPED OWL/084.jpg,STRIPED OWL,train,ASIO CLAMATOR
457.0,train/STRIPED OWL/085.jpg,STRIPED OWL,train,ASIO CLAMATOR
457.0,train/STRIPED OWL/108.jpg,STRIPED OWL,train,ASIO CLAMATOR
457.0,train/STRIPED OWL/091.jpg,STRIPED OWL,train,ASIO CLAMATOR
457.0,train/STRIPED OWL/088.jpg,STRIPED OWL,train,ASIO CLAMATOR
457.0,train/STRIPED OWL/107.jpg,STRIPED OWL,train,ASIO CLAMATOR
457.0,train/STRIPED OWL/080.jpg,STRIPED OWL,train,ASIO CLAMATOR
457.0,train/STRIPED OWL/099.jpg,STRIPED OWL,train,ASIO CLAMATOR
457.0,train/STRIPED OWL/131.jpg,STRIPED OWL,train,ASIO CLAMATOR
457.0,train/STRIPED OWL/143.jpg,STRIPED OWL,train,ASIO CLAMATOR
457.0,train/STRIPED OWL/095.jpg,STRIPED OWL,train,ASIO CLAMATOR
457.0,train/STRIPED OWL/035.jpg,STRIPED OWL,train,ASIO CLAMATOR
457.0,train/STRIPED OWL/097.jpg,STRIPED OWL,train,ASIO CLAMATOR
457.0,train/STRIPED OWL/102.jpg,STRIPED OWL,train,ASIO CLAMATOR
457.0,train/STRIPED OWL/101.jpg,STRIPED OWL,train,ASIO CLAMATOR
457.0,train/STRIPED OWL/098.jpg,STRIPED OWL,train,ASIO CLAMATOR
457.0,train/STRIPED OWL/096.jpg,STRIPED OWL,train,ASIO CLAMATOR
457.0,train/STRIPED OWL/092.jpg,STRIPED OWL,train,ASIO CLAMATOR
457.0,train/STRIPED OWL/106.jpg,STRIPED OWL,train,ASIO CLAMATOR
457.0,train/STRIPED OWL/054.jpg,STRIPED OWL,train,ASIO CLAMATOR
457.0,train/STRIPED OWL/061.jpg,STRIPED OWL,train,ASIO CLAMATOR
457.0,train/STRIPED OWL/138.jpg,STRIPED OWL,train,ASIO CLAMATOR
457.0,train/STRIPED OWL/104.jpg,STRIPED OWL,train,ASIO CLAMATOR
457.0,train/STRIPED OWL/132.jpg,STRIPED OWL,train,ASIO CLAMATOR
457.0,train/STRIPED OWL/094.jpg,STRIPED OWL,train,ASIO CLAMATOR
457.0,train/STRIPED OWL/058.jpg,STRIPED OWL,train,ASIO CLAMATOR
457.0,train/STRIPED OWL/139.jpg,STRIPED OWL,train,ASIO CLAMATOR
457.0,train/STRIPED OWL/113.jpg,STRIPED OWL,train,ASIO CLAMATOR
457.0,train/STRIPED OWL/114.jpg,STRIPED OWL,train,ASIO CLAMATOR
457.0,train/STRIPED OWL/116.jpg,STRIPED OWL,train,ASIO CLAMATOR
457.0,train/STRIPED OWL/112.jpg,STRIPED OWL,train,ASIO CLAMATOR
457.0,train/STRIPED OWL/121.jpg,STRIPED OWL,train,ASIO CLAMATOR
457.0,train/STRIPED OWL/123.jpg,STRIPED OWL,train,ASIO CLAMATOR
457.0,train/STRIPED OWL/133.jpg,STRIPED OWL,train,ASIO CLAMATOR
457.0,train/STRIPED OWL/124.jpg,STRIPED OWL,train,ASIO CLAMATOR
457.0,train/STRIPED OWL/110.jpg,STRIPED OWL,train,ASIO CLAMATOR
457.0,train/STRIPED OWL/120.jpg,STRIPED OWL,train,ASIO CLAMATOR
457.0,train/STRIPED OWL/130.jpg,STRIPED OWL,train,ASIO CLAMATOR
457.0,train/STRIPED OWL/137.jpg,STRIPED OWL,train,ASIO CLAMATOR
457.0,train/STRIPED OWL/129.jpg,STRIPED OWL,train,ASIO CLAMATOR
457.0,train/STRIPED OWL/093.jpg,STRIPED OWL,train,ASIO CLAMATOR
457.0,train/STRIPED OWL/125.jpg,STRIPED OWL,train,ASIO CLAMATOR
457.0,train/STRIPED OWL/122.jpg,STRIPED OWL,train,ASIO CLAMATOR
457.0,train/STRIPED OWL/086.jpg,STRIPED OWL,train,ASIO CLAMATOR
457.0,train/STRIPED OWL/089.jpg,STRIPED OWL,train,ASIO CLAMATOR
457.0,train/STRIPED OWL/126.jpg,STRIPED OWL,train,ASIO CLAMATOR
457.0,train/STRIPED OWL/128.jpg,STRIPED OWL,train,ASIO CLAMATOR
457.0,train/STRIPED OWL/135.jpg,STRIPED OWL,train,ASIO CLAMATOR
457.0,train/STRIPED OWL/109.jpg,STRIPED OWL,train,ASIO CLAMATOR
457.0,train/STRIPED OWL/127.jpg,STRIPED OWL,train,ASIO CLAMATOR
457.0,train/STRIPED OWL/075.jpg,STRIPED OWL,train,ASIO CLAMATOR
457.0,train/STRIPED OWL/076.jpg,STRIPED OWL,train,ASIO CLAMATOR
457.0,train/STRIPED OWL/136.jpg,STRIPED OWL,train,ASIO CLAMATOR
457.0,train/STRIPED OWL/100.jpg,STRIPED OWL,train,ASIO CLAMATOR
457.0,train/STRIPED OWL/134.jpg,STRIPED OWL,train,ASIO CLAMATOR
457.0,train/STRIPED OWL/141.jpg,STRIPED OWL,train,ASIO CLAMATOR
457.0,train/STRIPED OWL/140.jpg,STRIPED OWL,train,ASIO CLAMATOR
457.0,train/STRIPED OWL/073.jpg,STRIPED OWL,train,ASIO CLAMATOR
457.0,train/STRIPED OWL/142.jpg,STRIPED OWL,train,ASIO CLAMATOR
457.0,train/STRIPED OWL/074.jpg,STRIPED OWL,train,ASIO CLAMATOR
62.0,test/BARN OWL/5.jpg,BARN OWL,test,TYTO ALBA
62.0,test/BARN OWL/4.jpg,BARN OWL,test,TYTO ALBA
62.0,test/BARN OWL/3.jpg,BARN OWL,test,TYTO ALBA
62.0,test/BARN OWL/1.jpg,BARN OWL,test,TYTO ALBA
62.0,test/BARN OWL/2.jpg,BARN OWL,test,TYTO ALBA
249.0,test/GREAT GRAY OWL/1.jpg,GREAT GRAY OWL,test,STRIX NEBULOSA
249.0,test/GREAT GRAY OWL/2.jpg,GREAT GRAY OWL,test,STRIX NEBULOSA
249.0,test/GREAT GRAY OWL/4.jpg,GREAT GRAY OWL,test,STRIX NEBULOSA
249.0,test/GREAT GRAY OWL/3.jpg,GREAT GRAY OWL,test,STRIX NEBULOSA
249.0,test/GREAT GRAY OWL/5.jpg,GREAT GRAY OWL,test,STRIX NEBULOSA
325.0,test/LONG-EARED OWL/2.jpg,LONG-EARED OWL,test,ASIO OTUS
325.0,test/LONG-EARED OWL/4.jpg,LONG-EARED OWL,test,ASIO OTUS
325.0,test/LONG-EARED OWL/1.jpg,LONG-EARED OWL,test,ASIO OTUS
325.0,test/LONG-EARED OWL/3.jpg,LONG-EARED OWL,test,ASIO OTUS
325.0,test/LONG-EARED OWL/5.jpg,LONG-EARED OWL,test,ASIO OTUS
363.0,test/ORIENTAL BAY OWL/5.jpg,ORIENTAL BAY OWL,test,PHODILUS BADIUS
363.0,test/ORIENTAL BAY OWL/4.jpg,ORIENTAL BAY OWL,test,PHODILUS BADIUS
363.0,test/ORIENTAL BAY OWL/3.jpg,ORIENTAL BAY OWL,test,PHODILUS BADIUS
363.0,test/ORIENTAL BAY OWL/2.jpg,ORIENTAL BAY OWL,test,PHODILUS BADIUS
363.0,test/ORIENTAL BAY OWL/1.jpg,ORIENTAL BAY OWL,test,PHODILUS BADIUS
444.0,test/SNOWY OWL/2.jpg,SNOWY OWL,test,BUBO SCANDIACUS
444.0,test/SNOWY OWL/1.jpg,SNOWY OWL,test,BUBO SCANDIACUS
444.0,test/SNOWY OWL/5.jpg,SNOWY OWL,test,BUBO SCANDIACUS
444.0,test/SNOWY OWL/3.jpg,SNOWY OWL,test,BUBO SCANDIACUS
444.0,test/SNOWY OWL/4.jpg,SNOWY OWL,test,BUBO SCANDIACUS
457.0,test/STRIPED OWL/3.jpg,STRIPED OWL,test,ASIO CLAMATOR
457.0,test/STRIPED OWL/1.jpg,STRIPED OWL,test,ASIO CLAMATOR
457.0,test/STRIPED OWL/4.jpg,STRIPED OWL,test,ASIO CLAMATOR
457.0,test/STRIPED OWL/2.jpg,STRIPED OWL,test,ASIO CLAMATOR
457.0,test/STRIPED OWL/5.jpg,STRIPED OWL,test,ASIO CLAMATOR
62.0,valid/BARN OWL/5.jpg,BARN OWL,valid,TYTO ALBA
62.0,valid/BARN OWL/4.jpg,BARN OWL,valid,TYTO ALBA
62.0,valid/BARN OWL/3.jpg,BARN OWL,valid,TYTO ALBA
62.0,valid/BARN OWL/1.jpg,BARN OWL,valid,TYTO ALBA
62.0,valid/BARN OWL/2.jpg,BARN OWL,valid,TYTO ALBA
249.0,valid/GREAT GRAY OWL/1.jpg,GREAT GRAY OWL,valid,STRIX NEBULOSA
249.0,valid/GREAT GRAY OWL/2.jpg,GREAT GRAY OWL,valid,STRIX NEBULOSA
249.0,valid/GREAT GRAY OWL/4.jpg,GREAT GRAY OWL,valid,STRIX NEBULOSA
249.0,valid/GREAT GRAY OWL/3.jpg,GREAT GRAY OWL,valid,STRIX NEBULOSA
249.0,valid/GREAT GRAY OWL/5.jpg,GREAT GRAY OWL,valid,STRIX NEBULOSA
325.0,valid/LONG-EARED OWL/2.jpg,LONG-EARED OWL,valid,ASIO OTUS
325.0,valid/LONG-EARED OWL/4.jpg,LONG-EARED OWL,valid,ASIO OTUS
325.0,valid/LONG-EARED OWL/1.jpg,LONG-EARED OWL,valid,ASIO OTUS
325.0,valid/LONG-EARED OWL/3.jpg,LONG-EARED OWL,valid,ASIO OTUS
325.0,valid/LONG-EARED OWL/5.jpg,LONG-EARED OWL,valid,ASIO OTUS
363.0,valid/ORIENTAL BAY OWL/5.jpg,ORIENTAL BAY OWL,valid,PHODILUS BADIUS
363.0,valid/ORIENTAL BAY OWL/4.jpg,ORIENTAL BAY OWL,valid,PHODILUS BADIUS
363.0,valid/ORIENTAL BAY OWL/3.jpg,ORIENTAL BAY OWL,valid,PHODILUS BADIUS
363.0,valid/ORIENTAL BAY OWL/2.jpg,ORIENTAL BAY OWL,valid,PHODILUS BADIUS
363.0,valid/ORIENTAL BAY OWL/1.jpg,ORIENTAL BAY OWL,valid,PHODILUS BADIUS
444.0,valid/SNOWY OWL/2.jpg,SNOWY OWL,valid,BUBO SCANDIACUS
444.0,valid/SNOWY OWL/1.jpg,SNOWY OWL,valid,BUBO SCANDIACUS
444.0,valid/SNOWY OWL/5.jpg,SNOWY OWL,valid,BUBO SCANDIACUS
444.0,valid/SNOWY OWL/3.jpg,SNOWY OWL,valid,BUBO SCANDIACUS
444.0,valid/SNOWY OWL/4.jpg,SNOWY OWL,valid,BUBO SCANDIACUS
457.0,valid/STRIPED OWL/3.jpg,STRIPED OWL,valid,ASIO CLAMATOR
457.0,valid/STRIPED OWL/1.jpg,STRIPED OWL,valid,ASIO CLAMATOR
457.0,valid/STRIPED OWL/4.jpg,STRIPED OWL,valid,ASIO CLAMATOR
457.0,valid/STRIPED OWL/2.jpg,STRIPED OWL,valid,ASIO CLAMATOR
457.0,valid/STRIPED OWL/5.jpg,STRIPED OWL,valid,ASIO CLAMATOR
